Order_ID,Customer_ID,Product_ID,Category,Quantity,Unit_Price,Total_Price,Order_Date,Shipping_Cost,Discount,Payment_Method,Shipping_Status,Customer_Rating
ORD000001,CUST6411,PROD300,Home Decor,15,284.35,4265.25,2024-06-28,22.06,0.27,Bank Transfer,Delivered,5
ORD000002,CUST6990,PROD326,Apparel,8,354.84,2838.72,2024-06-09,44.52,0.15,Credit Card,Shipped,3
ORD000003,CUST763,PROD13,Apparel,9,456.23,4106.07,2024-04-16,23.27,0.2,Bank Transfer,Delivered,4
ORD000004,CUST4342,PROD416,Beauty,7,466.16,3263.12,2024-04-19,32.14,0.22,Debit Card,Processing,1
ORD000005,CUST8476,PROD67,Electronics,4,255.67,1022.68,2022-10-22,46.27,0.25,Net Banking,Cancelled,
ORD000006,CUST8061,PROD449,Books,12,1530.48,18365.76,2022-05-14,8.91,0.4,COD,Pending,5
ORD000007,CUST6734,PROD203,Toys,16,871.24,13939.84,2024-02-26,38.28,0.24,Bank Transfer,Shipped,5
ORD000008,CUST5069,PROD80,Sports,9,724.63,6521.67,2022-02-11,46.69,0.25,Crypto,Returned,3
ORD000009,CUST7908,PROD500,Food,12,453.26,5439.12,2023-02-20,20.56,0.01,COD,Returned,3
ORD000010,CUST5966,PROD91,Electronics,18,648.11,11665.98,2023-02-08,28.05,0.18,Debit Card,Shipped,1
ORD000011,CUST9658,PROD262,Toys,19,402.67,7650.73,2023-10-03,16.55,0.41,Credit Card,Shipped,2
ORD000012,CUST3678,PROD40,Food,10,1235.79,12357.9,2022-07-16,46.55,0.15,COD,Shipped,1
ORD000013,CUST8368,PROD70,Apparel,7,632.35,4426.45,2022-06-08,16.78,0.44,Debit Card,Pending,1
ORD000014,CUST2381,PROD392,Apparel,10,995.68,9956.8,2022-04-05,12.16,0.22,Crypto,Shipped,3
ORD000015,CUST4717,PROD106,Apparel,18,690.22,12423.96,2022-12-19,19.6,0.14,Bank Transfer,Cancelled,5
ORD000016,CUST2389,PROD401,Electronics,13,1948.48,25330.24,2022-08-16,4.84,0.06,Bank Transfer,Returned,5
ORD000017,CUST1653,PROD469,Apparel,3,1713.79,5141.37,2024-09-08,7.97,0.12,PayPal,Processing,3
ORD000018,CUST4204,PROD397,Toys,6,1803.29,10819.74,2023-04-07,4.84,0.31,PayPal,Pending,1
ORD000019,CUST8825,PROD255,Furniture,13,1972.03,25636.39,2024-02-11,35.57,0.1,Bank Transfer,Pending,5
ORD000020,CUST9961,PROD292,Sports,4,1756.47,7025.88,2022-12-10,16.6,0.49,Debit Card,Returned,5
ORD000021,CUST2507,PROD393,Home Decor,19,1548.5,29421.5,2022-08-15,1.87,0.43,Crypto,Cancelled,2
ORD000022,CUST5181,PROD357,Food,4,41.36,165.44,2022-11-16,34.54,0.25,Bank Transfer,Pending,1
ORD000023,CUST1718,PROD497,Sports,17,1370.33,23295.61,2023-08-07,14.95,0.48,Crypto,Returned,
ORD000024,CUST1308,PROD110,Furniture,5,1834.09,9170.45,2023-11-06,40.53,0.03,Bank Transfer,Delivered,4
ORD000025,CUST5509,PROD121,Automotive,15,546.82,8202.3,2024-04-27,45.89,0.33,Debit Card,Shipped,
ORD000026,CUST7835,PROD376,Furniture,5,1003.46,5017.3,2024-07-12,29.26,0.24,Crypto,Delivered,4
ORD000027,CUST9271,PROD68,Food,14,1419.72,19876.08,2023-05-13,46.6,0.02,COD,Pending,4
ORD000028,CUST1749,PROD418,Home Decor,9,224.74,2022.66,2022-03-24,46.15,0.35,Credit Card,Returned,2
ORD000029,CUST5896,PROD120,Apparel,18,882.23,15880.14,2024-09-16,19.64,0.31,COD,Returned,1
ORD000030,CUST7213,PROD390,Sports,7,223.82,1566.74,2022-04-20,35.64,0.34,Debit Card,Shipped,5
ORD000031,CUST5280,PROD197,Automotive,6,913.36,5480.16,2023-11-28,0.99,0.11,PayPal,Shipped,2
ORD000032,CUST3450,PROD181,Books,3,1965.45,5896.35,2024-05-01,31.63,0.04,Crypto,Delivered,3
ORD000033,CUST9152,PROD312,Apparel,9,1125.14,10126.26,2023-08-28,48.43,0.12,PayPal,Delivered,3
ORD000034,CUST7915,PROD303,Beauty,15,1127.79,16916.85,2022-07-08,28.48,0.21,PayPal,Delivered,2
ORD000035,CUST7353,PROD68,Food,11,1475.95,16235.45,2023-10-11,14.85,0.33,Crypto,Pending,3
ORD000036,CUST8641,PROD323,Books,13,754.7,9811.1,2022-06-27,26.99,0.36,Crypto,Cancelled,4
ORD000037,CUST4367,PROD256,Home Decor,17,842.56,14323.52,2022-07-24,19.1,0.15,Crypto,Pending,1
ORD000038,CUST1120,PROD462,Automotive,2,1218.38,2436.76,2022-10-26,14.77,0.41,COD,Delivered,2
ORD000039,CUST9089,PROD470,Beauty,12,679.09,8149.08,2024-09-26,22.45,0.32,Credit Card,Returned,2
ORD000040,CUST330,PROD56,Beauty,13,1997.02,25961.26,2022-12-02,11.27,0.11,Debit Card,Delivered,5
ORD000041,CUST1628,PROD316,Toys,13,1983.62,25787.06,2022-07-20,23.7,0.49,Debit Card,Cancelled,5
ORD000042,CUST6634,PROD427,Beauty,18,293.94,5290.92,2023-08-11,11.92,0.45,Bank Transfer,Pending,5
ORD000043,CUST118,PROD14,Toys,5,1445.25,7226.25,2024-01-18,0.9,0.4,Debit Card,Shipped,4
ORD000044,CUST8186,PROD270,Toys,18,1690.16,30422.88,2023-02-14,1.11,0.29,Debit Card,Cancelled,5
ORD000045,CUST5558,PROD306,Electronics,19,1950.73,37063.87,2023-12-02,21.18,0.15,Crypto,Processing,1
ORD000046,CUST4096,PROD184,Automotive,5,966.26,4831.3,2023-01-02,14.93,0.07,Crypto,Pending,4
ORD000047,CUST5428,PROD251,Apparel,2,283.91,567.82,2023-11-26,1.96,0.13,Credit Card,Shipped,4
ORD000048,CUST1131,PROD234,Books,10,172.67,1726.7,2024-11-04,40.83,0.27,Bank Transfer,Returned,1
ORD000049,CUST3230,PROD159,Sports,20,1700.43,34008.6,2024-12-24,4.9,0.21,COD,Returned,2
ORD000050,CUST9398,PROD7,Automotive,15,1705.48,25582.2,2022-11-17,15.41,0.12,Bank Transfer,Delivered,1
ORD000051,CUST3732,PROD491,Furniture,17,1531.2,26030.4,2024-02-27,41.12,0.34,Debit Card,Pending,2
ORD000052,CUST4009,PROD113,Apparel,19,223.23,4241.37,2024-09-02,36.76,0.25,Debit Card,Shipped,5
ORD000053,CUST2434,PROD285,Food,14,645.67,9039.38,2022-10-19,21.42,0.07,Credit Card,Delivered,1
ORD000054,CUST8996,PROD335,Sports,7,627.1,4389.7,2023-05-04,38.34,0.14,PayPal,Returned,
ORD000055,CUST7439,PROD84,Books,15,391.62,5874.3,2022-03-04,12.97,0.18,COD,Processing,5
ORD000056,CUST1594,PROD339,Sports,7,130.11,910.77,2022-09-08,21.09,0.13,PayPal,Shipped,
ORD000057,CUST1418,PROD451,Books,13,100.6,1307.8,2022-08-20,40.58,0.47,Net Banking,Shipped,4
ORD000058,CUST5343,PROD254,Home Decor,3,463.36,1390.08,2023-07-07,15.58,0.11,PayPal,Cancelled,5
ORD000059,CUST8422,PROD415,Food,4,358.79,1435.16,2022-09-17,40.19,0.41,Crypto,Shipped,3
ORD000060,CUST8116,PROD489,Apparel,18,1570.67,28272.06,2023-02-28,21.85,0.01,PayPal,Shipped,4
ORD000061,CUST1886,PROD378,Electronics,13,1911.1,24844.3,2022-03-13,35.18,0.3,Bank Transfer,Shipped,3
ORD000062,CUST5038,PROD247,Electronics,4,1972.99,7891.96,2024-11-15,8.96,0.04,Credit Card,Delivered,1
ORD000063,CUST9131,PROD280,Apparel,17,1903.29,32355.93,2022-04-08,22.73,0.13,Debit Card,Cancelled,2
ORD000064,CUST4869,PROD161,Beauty,15,1241.11,18616.65,2022-03-14,6.71,0.49,PayPal,Returned,5
ORD000065,CUST2144,PROD361,Food,6,1969.04,11814.24,2024-08-14,28.17,0.02,Net Banking,Shipped,4
ORD000066,CUST9069,PROD435,Beauty,2,1792.48,3584.96,2023-10-26,6.46,0.19,Debit Card,Delivered,3
ORD000067,CUST5551,PROD41,Sports,7,423.55,2964.85,2022-09-02,47.13,0.22,Crypto,Pending,3
ORD000068,CUST8952,PROD133,Beauty,8,1440.85,11526.8,2024-12-22,46.13,0.19,Crypto,Shipped,5
ORD000069,CUST3429,PROD71,Sports,8,1194.69,9557.52,2023-03-23,13.85,0.35,Debit Card,Processing,3
ORD000070,CUST9982,PROD310,Sports,4,449.82,1799.28,2023-12-19,15.84,0.39,Credit Card,Shipped,5
ORD000071,CUST9065,PROD206,Furniture,20,19.67,393.4,2022-01-10,0.21,0.36,Debit Card,Returned,4
ORD000072,CUST9727,PROD361,Home Decor,13,894.62,11630.06,2023-10-16,49.77,0.13,Credit Card,Returned,5
ORD000073,CUST4812,PROD98,Apparel,14,26.49,370.86,2024-08-20,28.84,0.27,COD,Processing,2
ORD000074,CUST7390,PROD421,Books,3,311.17,933.51,2024-07-11,15.9,0.42,Net Banking,Processing,4
ORD000075,CUST1601,PROD163,Furniture,18,406.33,7313.94,2024-09-08,49.8,0.17,Bank Transfer,Shipped,4
ORD000076,CUST9869,PROD403,Food,7,1159.92,8119.44,2022-05-28,13.32,0.15,Bank Transfer,Pending,
ORD000077,CUST6406,PROD150,Books,17,262.98,4470.66,2024-09-08,32.58,0.37,Crypto,Shipped,3
ORD000078,CUST5294,PROD197,Furniture,7,1823.3,12763.1,2023-12-10,21.37,0,PayPal,Returned,
ORD000079,CUST9531,PROD484,Electronics,7,1576.59,11036.13,2022-09-14,6.01,0.36,Crypto,Returned,
ORD000080,CUST4066,PROD31,Sports,16,1502.04,24032.64,2023-05-26,12.85,0.19,Bank Transfer,Pending,4
ORD000081,CUST4856,PROD107,Apparel,3,1766.64,5299.92,2023-06-24,35.27,0.41,PayPal,Delivered,
ORD000082,CUST3112,PROD20,Automotive,7,1555.17,10886.19,2023-04-27,11.59,0.44,PayPal,Shipped,5
ORD000083,CUST3202,PROD162,Toys,4,907.55,3630.2,2022-05-10,15.69,0.25,Crypto,Shipped,3
ORD000084,CUST3159,PROD372,Sports,17,1049.7,17844.9,2022-02-08,9,0.24,Bank Transfer,Pending,2
ORD000085,CUST640,PROD383,Toys,5,984.87,4924.35,2023-09-06,1.87,0.18,Credit Card,Cancelled,
ORD000086,CUST4360,PROD493,Sports,20,1618.89,32377.8,2023-04-14,2.62,0.4,Crypto,Pending,1
ORD000087,CUST7907,PROD128,Home Decor,7,1035.19,7246.33,2023-04-09,9.77,0.08,Net Banking,Processing,
ORD000088,CUST1231,PROD176,Books,18,612.2,11019.6,2024-06-13,4.74,0.2,Crypto,Delivered,2
ORD000089,CUST1571,PROD442,Automotive,19,1583.76,30091.44,2022-10-16,34.36,0.12,Bank Transfer,Shipped,4
ORD000090,CUST2233,PROD226,Apparel,17,667.5,11347.5,2023-11-04,44.23,0.05,Credit Card,Processing,2
ORD000091,CUST2550,PROD343,Toys,20,1342.94,26858.8,2022-11-04,24.76,0.38,Credit Card,Delivered,1
ORD000092,CUST733,PROD372,Electronics,14,1860,26040,2024-05-09,15.33,0.44,PayPal,Shipped,2
ORD000093,CUST1414,PROD338,Beauty,20,1983.97,39679.4,2022-07-13,25.22,0.39,Debit Card,Shipped,2
ORD000094,CUST8957,PROD337,Furniture,13,1512.66,19664.58,2022-01-20,35.79,0.1,Net Banking,Cancelled,4
ORD000095,CUST6510,PROD116,Sports,9,1857.67,16719.03,2022-01-14,31.59,0.14,Net Banking,Pending,5
ORD000096,CUST8694,PROD134,Toys,16,33.47,535.52,2023-06-14,7.99,0.3,Bank Transfer,Shipped,2
ORD000097,CUST4615,PROD177,Home Decor,20,1682.25,33645,2024-07-02,38.64,0.13,Debit Card,Delivered,4
ORD000098,CUST8649,PROD344,Furniture,1,1429.08,1429.08,2023-08-22,44.94,0.15,COD,Processing,1
ORD000099,CUST3958,PROD84,Electronics,12,1506.69,18080.28,2024-10-01,25.12,0.26,Bank Transfer,Delivered,1
ORD000100,CUST3625,PROD157,Sports,12,809.32,9711.84,2022-01-05,34.72,0.4,COD,Pending,4
ORD000101,CUST9763,PROD9,Home Decor,7,1479.98,10359.86,2024-09-08,29.08,0.3,Bank Transfer,Cancelled,4
ORD000102,CUST6971,PROD183,Books,2,1655.85,3311.7,2022-12-11,8.3,0.48,Bank Transfer,Processing,4
ORD000103,CUST9597,PROD294,Books,7,1857.45,13002.15,2023-03-17,19.23,0.17,Net Banking,Shipped,2
ORD000104,CUST4609,PROD277,Beauty,15,1366.46,20496.9,2023-08-08,48.2,0.39,COD,Returned,5
ORD000105,CUST7482,PROD30,Home Decor,7,1839.2,12874.4,2024-02-09,2.68,0.28,Debit Card,Returned,5
ORD000106,CUST8171,PROD375,Home Decor,17,361.88,6151.96,2022-10-07,38.22,0.1,PayPal,Processing,4
ORD000107,CUST5955,PROD323,Beauty,7,384.77,2693.39,2022-03-01,30.94,0.06,COD,Cancelled,
ORD000108,CUST1449,PROD78,Beauty,1,1985.92,1985.92,2024-01-15,28.44,0.25,Net Banking,Returned,2
ORD000109,CUST5413,PROD181,Sports,5,1250.94,6254.7,2023-05-24,24.64,0.1,COD,Delivered,5
ORD000110,CUST1989,PROD12,Automotive,8,1850.84,14806.72,2024-01-13,7.5,0.2,Net Banking,Cancelled,2
ORD000111,CUST8069,PROD252,Toys,15,160.47,2407.05,2023-10-25,30.49,0.02,Bank Transfer,Cancelled,2
ORD000112,CUST9718,PROD322,Automotive,16,1863.85,29821.6,2024-03-02,47.21,0.22,Credit Card,Cancelled,
ORD000113,CUST5593,PROD32,Toys,3,1007.7,3023.1,2022-11-28,25.39,0.19,Credit Card,Returned,1
ORD000114,CUST3219,PROD13,Books,20,1014.96,20299.2,2022-09-13,42.45,0.23,Net Banking,Shipped,1
ORD000115,CUST4081,PROD124,Toys,9,1176.57,10589.13,2023-02-28,34.23,0.41,Bank Transfer,Shipped,1
ORD000116,CUST365,PROD24,Electronics,10,373.99,3739.9,2023-01-22,8.62,0.32,Bank Transfer,Processing,5
ORD000117,CUST4540,PROD7,Toys,13,972.49,12642.37,2023-12-17,41.06,0.16,Credit Card,Pending,3
ORD000118,CUST2019,PROD116,Furniture,11,965.12,10616.32,2022-05-13,8.47,0.01,PayPal,Cancelled,5
ORD000119,CUST3712,PROD485,Home Decor,10,499.99,4999.9,2022-07-28,47.13,0.07,Crypto,Shipped,2
ORD000120,CUST6195,PROD335,Beauty,3,1937.37,5812.11,2023-08-06,8.01,0.25,PayPal,Shipped,1
ORD000121,CUST2893,PROD168,Electronics,20,236.87,4737.4,2022-11-04,20.57,0.44,Net Banking,Processing,3
ORD000122,CUST5548,PROD35,Sports,4,1878.04,7512.16,2024-09-04,41.32,0.23,Credit Card,Delivered,1
ORD000123,CUST7081,PROD421,Electronics,16,1034.19,16547.04,2024-04-21,18.03,0.21,Net Banking,Cancelled,5
ORD000124,CUST1118,PROD32,Sports,12,1407.5,16890,2024-12-28,30.82,0.25,Debit Card,Pending,
ORD000125,CUST1748,PROD177,Books,20,1989.23,39784.6,2024-07-11,33.16,0.07,Debit Card,Delivered,3
ORD000126,CUST2497,PROD498,Apparel,20,1580.1,31602,2023-04-24,14.52,0.4,Net Banking,Processing,
ORD000127,CUST3684,PROD340,Electronics,3,1446.76,4340.28,2024-01-11,20.25,0.25,COD,Pending,
ORD000128,CUST841,PROD217,Toys,8,1766.7,14133.6,2024-05-03,29.25,0.04,Credit Card,Returned,
ORD000129,CUST9502,PROD70,Sports,5,1184.6,5923,2024-10-19,25.03,0.46,Credit Card,Processing,
ORD000130,CUST8852,PROD457,Sports,14,298.55,4179.7,2022-02-15,46.89,0.03,COD,Shipped,1
ORD000131,CUST9965,PROD473,Food,8,423.68,3389.44,2022-08-12,36.2,0.01,Net Banking,Returned,3
ORD000132,CUST1312,PROD111,Apparel,1,721.41,721.41,2023-07-06,4.29,0,Net Banking,Cancelled,
ORD000133,CUST537,PROD230,Toys,16,204.24,3267.84,2022-12-17,34.25,0.27,Net Banking,Returned,2
ORD000134,CUST2138,PROD223,Beauty,10,756.45,7564.5,2022-03-14,29.61,0.16,Crypto,Processing,
ORD000135,CUST3188,PROD73,Food,5,255.6,1278,2024-12-23,26.32,0.03,Credit Card,Shipped,
ORD000136,CUST9536,PROD184,Furniture,17,1149.05,19533.85,2024-04-10,16.23,0.02,COD,Delivered,3
ORD000137,CUST2061,PROD160,Sports,12,1046.93,12563.16,2024-09-19,38.86,0.24,Crypto,Shipped,
ORD000138,CUST6509,PROD91,Home Decor,5,1216.43,6082.15,2022-01-08,45.45,0.04,Bank Transfer,Shipped,
ORD000139,CUST1599,PROD333,Toys,4,1528.16,6112.64,2022-10-25,16.21,0.1,COD,Processing,4
ORD000140,CUST6164,PROD169,Automotive,17,1142.33,19419.61,2024-06-26,24.19,0.37,Credit Card,Cancelled,5
ORD000141,CUST2001,PROD373,Home Decor,11,1208.08,13288.88,2023-08-26,35.82,0.15,Net Banking,Returned,3
ORD000142,CUST696,PROD403,Electronics,11,195.42,2149.62,2024-10-10,38.05,0.01,PayPal,Pending,1
ORD000143,CUST454,PROD383,Beauty,3,839.65,2518.95,2023-09-11,14.13,0.48,PayPal,Shipped,3
ORD000144,CUST3288,PROD210,Automotive,12,1984.31,23811.72,2023-03-03,28.73,0.47,Credit Card,Shipped,2
ORD000145,CUST3130,PROD196,Automotive,7,1499.38,10495.66,2024-08-18,43.76,0.32,Crypto,Returned,4
ORD000146,CUST2129,PROD5,Electronics,7,381.03,2667.21,2022-12-04,3.57,0.38,Bank Transfer,Shipped,2
ORD000147,CUST7951,PROD210,Beauty,10,1435.96,14359.6,2022-03-11,41.37,0.46,COD,Cancelled,
ORD000148,CUST3550,PROD457,Toys,17,359.97,6119.49,2023-04-18,35.08,0.17,Bank Transfer,Delivered,4
ORD000149,CUST1100,PROD136,Food,14,1377.26,19281.64,2023-12-12,41.36,0.31,Crypto,Shipped,
ORD000150,CUST473,PROD274,Automotive,13,554.87,7213.31,2024-06-09,44.43,0.49,COD,Shipped,1
ORD000151,CUST9016,PROD273,Furniture,13,1354.37,17606.81,2024-12-01,37.2,0.03,Debit Card,Cancelled,4
ORD000152,CUST7073,PROD412,Apparel,2,342.44,684.88,2024-02-22,33.3,0.43,Debit Card,Delivered,5
ORD000153,CUST1762,PROD377,Home Decor,5,1974.21,9871.05,2023-11-04,4.74,0.23,Debit Card,Shipped,
ORD000154,CUST4358,PROD352,Apparel,15,675.38,10130.7,2024-12-14,28.56,0.46,Crypto,Shipped,4
ORD000155,CUST1246,PROD361,Food,3,204.58,613.74,2023-02-24,1.7,0.19,Credit Card,Pending,1
ORD000156,CUST3718,PROD237,Sports,10,185.23,1852.3,2022-12-15,21.84,0.02,Net Banking,Returned,3
ORD000157,CUST1279,PROD389,Food,5,27.98,139.9,2024-03-13,4.22,0.26,Net Banking,Returned,3
ORD000158,CUST5032,PROD22,Home Decor,17,381.28,6481.76,2024-03-14,30.41,0.47,Crypto,Returned,1
ORD000159,CUST5839,PROD290,Sports,7,873.23,6112.61,2024-01-12,1.63,0.28,COD,Delivered,4
ORD000160,CUST7244,PROD472,Furniture,20,500.22,10004.4,2023-05-10,36.83,0.12,Crypto,Shipped,3
ORD000161,CUST3054,PROD63,Apparel,16,665.14,10642.24,2022-02-21,33.32,0.34,Debit Card,Cancelled,5
ORD000162,CUST1100,PROD210,Beauty,12,857.84,10294.08,2024-08-18,4.21,0.28,Net Banking,Pending,5
ORD000163,CUST8351,PROD489,Furniture,5,252.19,1260.95,2023-10-07,6.55,0.28,Net Banking,Pending,
ORD000164,CUST7753,PROD200,Home Decor,19,135.7,2578.3,2024-11-26,38.67,0.12,COD,Cancelled,1
ORD000165,CUST745,PROD88,Food,5,1218.01,6090.05,2024-11-02,37.24,0.11,Crypto,Delivered,2
ORD000166,CUST9872,PROD2,Sports,19,597.39,11350.41,2022-08-24,45.41,0.01,Debit Card,Cancelled,1
ORD000167,CUST1753,PROD257,Beauty,14,770.31,10784.34,2024-11-17,17.56,0.48,COD,Processing,2
ORD000168,CUST6510,PROD71,Home Decor,9,1430.52,12874.68,2023-03-18,10.35,0.38,Credit Card,Cancelled,4
ORD000169,CUST3366,PROD319,Automotive,7,693.01,4851.07,2024-01-24,47.74,0.45,PayPal,Shipped,2
ORD000170,CUST4362,PROD445,Food,4,342.19,1368.76,2022-05-18,23.66,0.23,PayPal,Cancelled,
ORD000171,CUST5974,PROD339,Food,6,184.14,1104.84,2022-05-02,28.32,0.12,COD,Delivered,
ORD000172,CUST7804,PROD264,Home Decor,5,555.79,2778.95,2024-06-23,4.54,0.24,COD,Delivered,2
ORD000173,CUST9435,PROD431,Apparel,15,919.11,13786.65,2024-05-13,40.33,0.49,PayPal,Shipped,3
ORD000174,CUST2875,PROD376,Automotive,18,1584.74,28525.32,2022-01-07,11.15,0.44,Crypto,Delivered,5
ORD000175,CUST3432,PROD359,Apparel,14,1242.63,17396.82,2024-05-27,47.52,0.36,Debit Card,Delivered,5
ORD000176,CUST1051,PROD76,Apparel,6,323.59,1941.54,2022-08-10,23.15,0.34,COD,Cancelled,4
ORD000177,CUST2692,PROD41,Automotive,2,286.77,573.54,2022-01-14,7.9,0.21,Crypto,Pending,1
ORD000178,CUST2753,PROD169,Food,10,1117.83,11178.3,2023-09-23,30.17,0.29,Bank Transfer,Processing,2
ORD000179,CUST5708,PROD122,Automotive,16,1136.88,18190.08,2022-12-06,12.5,0.38,COD,Returned,3
ORD000180,CUST8774,PROD431,Beauty,19,1361.84,25874.96,2024-02-12,5.66,0.12,Bank Transfer,Shipped,4
ORD000181,CUST4207,PROD425,Home Decor,3,911.07,2733.21,2023-04-28,24.3,0.03,COD,Cancelled,1
ORD000182,CUST2020,PROD421,Sports,12,1740.57,20886.84,2023-07-17,25.2,0.37,PayPal,Pending,4
ORD000183,CUST9877,PROD91,Automotive,4,139.88,559.52,2023-10-05,35.57,0.24,PayPal,Pending,4
ORD000184,CUST7346,PROD127,Toys,4,782.18,3128.72,2024-02-11,45.02,0.33,COD,Cancelled,5
ORD000185,CUST2964,PROD485,Toys,16,1950.76,31212.16,2022-11-02,10.87,0.14,Bank Transfer,Cancelled,3
ORD000186,CUST316,PROD12,Automotive,8,939.09,7512.72,2023-07-09,41.26,0.35,Bank Transfer,Delivered,1
ORD000187,CUST7827,PROD490,Automotive,17,63.14,1073.38,2023-04-17,22.68,0.43,Bank Transfer,Shipped,5
ORD000188,CUST6815,PROD413,Furniture,2,1718.03,3436.06,2024-04-19,6.3,0.3,Bank Transfer,Processing,3
ORD000189,CUST9424,PROD459,Home Decor,1,1618.97,1618.97,2024-10-02,37.55,0,Net Banking,Delivered,2
ORD000190,CUST8432,PROD87,Beauty,19,913.98,17365.62,2023-04-07,19.3,0.41,Credit Card,Cancelled,3
ORD000191,CUST5202,PROD381,Beauty,3,227.03,681.09,2023-03-28,28.01,0.11,Bank Transfer,Shipped,5
ORD000192,CUST5951,PROD404,Home Decor,15,1614.58,24218.7,2022-08-08,0.16,0.23,PayPal,Shipped,5
ORD000193,CUST6467,PROD430,Books,9,604.66,5441.94,2022-02-08,12.37,0.04,Crypto,Delivered,5
ORD000194,CUST4211,PROD351,Electronics,19,599.16,11384.04,2023-07-14,28.96,0.2,Net Banking,Pending,5
ORD000195,CUST2613,PROD288,Toys,9,315.32,2837.88,2024-01-05,1.55,0.45,Debit Card,Returned,
ORD000196,CUST9284,PROD87,Beauty,18,1602.03,28836.54,2024-05-23,6.58,0.25,Crypto,Cancelled,
ORD000197,CUST303,PROD368,Automotive,13,18.8,244.4,2023-11-02,26.23,0.36,Debit Card,Pending,2
ORD000198,CUST7603,PROD41,Furniture,6,652.66,3915.96,2024-04-10,11.02,0.23,Credit Card,Cancelled,5
ORD000199,CUST1395,PROD219,Toys,8,314.67,2517.36,2023-07-04,35.22,0.25,COD,Returned,4
ORD000200,CUST5603,PROD475,Electronics,4,1615.97,6463.88,2024-11-26,44.63,0.14,Bank Transfer,Cancelled,2
ORD000201,CUST848,PROD443,Food,19,600.93,11417.67,2024-06-03,8.23,0.34,PayPal,Cancelled,5
ORD000202,CUST9018,PROD307,Toys,17,360.91,6135.47,2024-08-12,18.58,0.1,Net Banking,Cancelled,4
ORD000203,CUST4701,PROD54,Home Decor,6,1157.36,6944.16,2022-10-19,3.58,0.45,Credit Card,Pending,
ORD000204,CUST2309,PROD318,Food,16,1624.21,25987.36,2022-02-12,46.98,0.42,Bank Transfer,Shipped,3
ORD000205,CUST4034,PROD322,Apparel,8,161.12,1288.96,2024-08-28,35.62,0.13,Net Banking,Processing,
ORD000206,CUST7994,PROD235,Apparel,1,1729.89,1729.89,2022-05-10,7.19,0.26,Debit Card,Cancelled,3
ORD000207,CUST5870,PROD364,Sports,8,1026.29,8210.32,2024-02-25,11.63,0.48,COD,Shipped,5
ORD000208,CUST4816,PROD77,Electronics,5,908.38,4541.9,2022-02-28,30.7,0.43,Bank Transfer,Cancelled,5
ORD000209,CUST5985,PROD315,Automotive,20,1630.98,32619.6,2024-10-14,14.96,0.05,Bank Transfer,Delivered,5
ORD000210,CUST9771,PROD309,Electronics,5,1070.73,5353.65,2022-08-07,7.88,0.2,Bank Transfer,Processing,
ORD000211,CUST2268,PROD21,Books,5,1558.37,7791.85,2023-09-22,41.76,0.19,Bank Transfer,Returned,3
ORD000212,CUST5183,PROD130,Apparel,19,1815.13,34487.47,2024-07-17,13.8,0.44,COD,Pending,
ORD000213,CUST6457,PROD175,Furniture,20,1643.68,32873.6,2023-03-05,35.05,0.48,Debit Card,Cancelled,
ORD000214,CUST6889,PROD413,Sports,6,682.46,4094.76,2022-09-15,19.85,0.39,COD,Returned,3
ORD000215,CUST1422,PROD378,Automotive,3,1385.29,4155.87,2022-07-21,11.93,0.32,Debit Card,Delivered,5
ORD000216,CUST124,PROD376,Electronics,4,1125.41,4501.64,2024-06-24,43.24,0.13,Bank Transfer,Delivered,3
ORD000217,CUST9841,PROD193,Toys,9,1966.03,17694.27,2022-02-19,35.17,0.13,Debit Card,Returned,
ORD000218,CUST3250,PROD14,Furniture,4,341.2,1364.8,2024-06-15,20.66,0.22,Net Banking,Pending,3
ORD000219,CUST5578,PROD321,Books,9,169.45,1525.05,2024-04-23,31.35,0.2,PayPal,Delivered,2
ORD000220,CUST2722,PROD478,Sports,20,488.39,9767.8,2023-11-26,6.84,0.35,Credit Card,Cancelled,5
ORD000221,CUST4022,PROD456,Toys,15,408.44,6126.6,2023-01-06,48.75,0.21,Debit Card,Delivered,
ORD000222,CUST3755,PROD19,Books,19,1979.62,37612.78,2023-05-18,37.59,0.44,Credit Card,Returned,5
ORD000223,CUST7442,PROD255,Automotive,9,1436.63,12929.67,2023-11-14,41.17,0.05,Debit Card,Shipped,1
ORD000224,CUST6303,PROD46,Home Decor,19,1691.36,32135.84,2024-01-21,10.31,0.07,Debit Card,Processing,5
ORD000225,CUST9408,PROD184,Toys,14,1885.61,26398.54,2023-02-16,41.98,0.38,Credit Card,Shipped,1
ORD000226,CUST6889,PROD150,Toys,2,60.28,120.56,2023-12-15,15.9,0.44,Crypto,Shipped,
ORD000227,CUST616,PROD344,Electronics,3,1714.86,5144.58,2024-09-12,17.02,0.27,Bank Transfer,Pending,4
ORD000228,CUST6690,PROD78,Home Decor,5,662.97,3314.85,2023-10-03,33.38,0.28,Crypto,Cancelled,1
ORD000229,CUST9397,PROD235,Automotive,15,713.32,10699.8,2024-05-07,43.69,0.29,Credit Card,Cancelled,4
ORD000230,CUST6952,PROD121,Electronics,2,509.09,1018.18,2023-08-12,34.12,0.41,PayPal,Cancelled,5
ORD000231,CUST866,PROD260,Automotive,12,1817.66,21811.92,2023-11-05,14.51,0.42,Debit Card,Processing,2
ORD000232,CUST2814,PROD183,Electronics,11,1500.33,16503.63,2024-08-12,41.23,0.16,Debit Card,Shipped,
ORD000233,CUST7396,PROD84,Beauty,9,1898.18,17083.62,2022-05-21,6.75,0.2,Bank Transfer,Shipped,5
ORD000234,CUST1146,PROD377,Beauty,14,626.5,8771,2024-04-19,47.13,0.36,Debit Card,Delivered,4
ORD000235,CUST4347,PROD386,Beauty,13,894.32,11626.16,2022-11-17,35.29,0.35,Credit Card,Delivered,4
ORD000236,CUST2683,PROD208,Toys,1,1824.48,1824.48,2023-11-03,28.08,0.26,Crypto,Pending,3
ORD000237,CUST7413,PROD173,Apparel,10,449.55,4495.5,2022-12-01,10.45,0.15,PayPal,Delivered,4
ORD000238,CUST8743,PROD139,Books,8,1515.13,12121.04,2024-10-24,23.04,0.35,COD,Returned,2
ORD000239,CUST8083,PROD412,Home Decor,7,1491.21,10438.47,2024-12-18,21.19,0.39,Credit Card,Processing,5
ORD000240,CUST9298,PROD253,Apparel,3,34.63,103.89,2023-09-16,26.45,0.34,Bank Transfer,Returned,3
ORD000241,CUST9995,PROD484,Apparel,19,1640.48,31169.12,2023-03-01,38.26,0.46,Net Banking,Delivered,
ORD000242,CUST101,PROD202,Electronics,5,1460.77,7303.85,2024-07-12,41.18,0.02,PayPal,Processing,4
ORD000243,CUST737,PROD8,Apparel,8,1981.83,15854.64,2023-07-02,24.12,0.12,PayPal,Cancelled,1
ORD000244,CUST8203,PROD160,Food,17,1601.09,27218.53,2024-01-02,30.78,0.1,PayPal,Processing,5
ORD000245,CUST5440,PROD272,Apparel,7,1624.08,11368.56,2022-07-25,40.63,0.1,Debit Card,Returned,4
ORD000246,CUST5212,PROD462,Home Decor,15,432.67,6490.05,2024-02-02,35.72,0.02,Credit Card,Processing,3
ORD000247,CUST7749,PROD148,Automotive,11,1941.81,21359.91,2023-08-20,29.92,0.32,COD,Pending,1
ORD000248,CUST916,PROD282,Beauty,1,701.03,701.03,2022-02-09,20.12,0.29,PayPal,Cancelled,1
ORD000249,CUST6901,PROD241,Toys,9,1602.63,14423.67,2022-03-16,3.1,0.09,Credit Card,Shipped,4
ORD000250,CUST3180,PROD18,Books,14,358.24,5015.36,2024-01-03,41.59,0.27,Net Banking,Cancelled,5
ORD000251,CUST9087,PROD396,Books,19,1434.45,27254.55,2022-05-05,10.12,0.14,Credit Card,Cancelled,4
ORD000252,CUST1467,PROD273,Sports,17,403.41,6857.97,2023-03-27,28.46,0.4,Debit Card,Shipped,
ORD000253,CUST2238,PROD293,Toys,18,1940.49,34928.82,2022-04-21,10.55,0.35,COD,Delivered,5
ORD000254,CUST341,PROD283,Books,5,241.96,1209.8,2022-09-22,0.19,0.25,COD,Returned,3
ORD000255,CUST6683,PROD135,Toys,11,1473.36,16206.96,2022-01-26,20.16,0.34,COD,Processing,
ORD000256,CUST6940,PROD479,Apparel,19,312.93,5945.67,2023-08-11,27.04,0.44,Crypto,Returned,3
ORD000257,CUST5280,PROD352,Books,18,1624.08,29233.44,2022-11-03,13.03,0.3,COD,Cancelled,1
ORD000258,CUST155,PROD20,Apparel,13,1422.91,18497.83,2022-11-20,2.53,0.18,Net Banking,Shipped,4
ORD000259,CUST3598,PROD234,Home Decor,7,1247.63,8733.41,2022-01-21,38.54,0.09,Crypto,Shipped,1
ORD000260,CUST334,PROD203,Electronics,10,339.55,3395.5,2022-07-25,24.18,0.24,Crypto,Shipped,
ORD000261,CUST138,PROD370,Books,4,814.43,3257.72,2023-01-16,2.71,0,COD,Processing,5
ORD000262,CUST8756,PROD62,Furniture,15,1335.77,20036.55,2023-02-18,6.87,0.13,COD,Processing,4
ORD000263,CUST1702,PROD207,Furniture,9,1813.28,16319.52,2022-02-12,35.13,0.26,COD,Pending,3
ORD000264,CUST3220,PROD178,Toys,8,159.92,1279.36,2024-06-21,49.26,0.27,COD,Pending,1
ORD000265,CUST2048,PROD254,Beauty,9,375.69,3381.21,2024-11-07,46.9,0.09,PayPal,Delivered,5
ORD000266,CUST3352,PROD27,Food,10,783.71,7837.1,2024-11-20,48.08,0.2,COD,Returned,4
ORD000267,CUST5054,PROD11,Toys,3,161.26,483.78,2024-04-18,22.82,0.24,Credit Card,Returned,3
ORD000268,CUST4687,PROD140,Toys,12,1354.81,16257.72,2024-05-17,32.95,0.42,PayPal,Cancelled,1
ORD000269,CUST3085,PROD379,Furniture,5,503.68,2518.4,2022-03-06,4.19,0.1,Bank Transfer,Processing,5
ORD000270,CUST1741,PROD18,Books,15,139.46,2091.9,2023-02-04,29.41,0.18,COD,Pending,5
ORD000271,CUST7892,PROD131,Automotive,1,651.41,651.41,2023-07-14,36.89,0.46,Credit Card,Cancelled,1
ORD000272,CUST6599,PROD349,Food,13,908.14,11805.82,2024-05-17,44.88,0.18,Debit Card,Cancelled,3
ORD000273,CUST1432,PROD349,Home Decor,15,1118,16770,2022-02-12,4.13,0.27,Net Banking,Cancelled,5
ORD000274,CUST457,PROD298,Home Decor,2,1217.53,2435.06,2023-02-27,20.69,0.26,Debit Card,Shipped,1
ORD000275,CUST4600,PROD360,Toys,10,200.77,2007.7,2022-01-14,13.58,0.46,PayPal,Pending,
ORD000276,CUST7521,PROD398,Apparel,17,343.24,5835.08,2024-01-19,5.77,0.47,PayPal,Cancelled,5
ORD000277,CUST1996,PROD476,Toys,20,1792.82,35856.4,2023-11-24,11.72,0.14,Bank Transfer,Pending,4
ORD000278,CUST4302,PROD149,Beauty,14,1533.03,21462.42,2024-12-11,40.03,0.3,Credit Card,Cancelled,1
ORD000279,CUST2285,PROD352,Toys,15,1178.74,17681.1,2022-01-02,27.76,0.37,Bank Transfer,Processing,5
ORD000280,CUST8633,PROD391,Automotive,20,101.46,2029.2,2022-01-08,27.37,0.02,Debit Card,Shipped,5
ORD000281,CUST5786,PROD107,Apparel,19,1918.03,36442.57,2023-02-21,11.54,0.38,Crypto,Shipped,2
ORD000282,CUST1985,PROD391,Furniture,17,1553.43,26408.31,2024-11-23,41.28,0.19,Bank Transfer,Shipped,2
ORD000283,CUST2630,PROD271,Sports,7,431.54,3020.78,2022-05-09,24.23,0.32,Crypto,Delivered,3
ORD000284,CUST4661,PROD265,Apparel,6,126.45,758.7,2023-01-25,41.73,0.2,PayPal,Processing,4
ORD000285,CUST404,PROD175,Automotive,1,151.17,151.17,2022-07-08,21.92,0.1,Crypto,Cancelled,5
ORD000286,CUST793,PROD198,Sports,9,1299.36,11694.24,2023-05-25,0.09,0.33,Crypto,Shipped,1
ORD000287,CUST766,PROD428,Apparel,4,1190.48,4761.92,2024-10-24,11.33,0.03,COD,Shipped,1
ORD000288,CUST3470,PROD498,Electronics,13,346.82,4508.66,2024-12-04,30.45,0.29,Debit Card,Shipped,1
ORD000289,CUST4354,PROD129,Beauty,9,1510.57,13595.13,2022-09-04,8.34,0.26,Credit Card,Delivered,3
ORD000290,CUST9248,PROD107,Beauty,7,402.56,2817.92,2023-06-26,24.23,0.01,PayPal,Pending,4
ORD000291,CUST5256,PROD60,Sports,16,585.35,9365.6,2023-06-02,29.9,0.34,COD,Cancelled,4
ORD000292,CUST6111,PROD290,Apparel,16,1482.57,23721.12,2022-07-10,19.53,0.25,Crypto,Delivered,4
ORD000293,CUST9397,PROD169,Automotive,9,1137.98,10241.82,2023-05-28,1.43,0.12,Debit Card,Shipped,5
ORD000294,CUST788,PROD413,Beauty,17,304.94,5183.98,2022-03-16,3.1,0.27,Crypto,Delivered,
ORD000295,CUST8201,PROD496,Apparel,13,1692.57,22003.41,2023-04-07,40.48,0.33,Debit Card,Pending,
ORD000296,CUST7614,PROD483,Toys,5,1616.37,8081.85,2022-07-12,24.75,0.31,Credit Card,Delivered,2
ORD000297,CUST7234,PROD474,Apparel,20,6.64,132.8,2024-11-03,4.76,0.35,Crypto,Delivered,3
ORD000298,CUST6202,PROD125,Electronics,16,1974.48,31591.68,2022-03-21,10.25,0.11,COD,Processing,1
ORD000299,CUST8913,PROD301,Automotive,9,672.14,6049.26,2024-04-27,16.06,0.46,Credit Card,Returned,2
ORD000300,CUST3021,PROD346,Food,6,623.06,3738.36,2024-02-10,2.76,0.25,Debit Card,Delivered,2
ORD000301,CUST3505,PROD369,Beauty,1,1095.37,1095.37,2024-09-25,30.35,0.14,Net Banking,Shipped,4
ORD000302,CUST6253,PROD273,Food,7,456.24,3193.68,2023-01-21,25.04,0.3,Crypto,Delivered,3
ORD000303,CUST9719,PROD349,Furniture,11,611.07,6721.77,2023-04-15,38.89,0.04,COD,Pending,4
ORD000304,CUST4868,PROD449,Apparel,9,1149.98,10349.82,2024-10-07,23.83,0.01,Bank Transfer,Returned,
ORD000305,CUST245,PROD181,Beauty,4,711.31,2845.24,2023-09-04,27.23,0.13,COD,Delivered,2
ORD000306,CUST2368,PROD84,Books,1,660.8,660.8,2023-04-12,40.2,0.42,Net Banking,Processing,4
ORD000307,CUST2574,PROD470,Books,14,563.51,7889.14,2024-06-11,41.35,0.05,Debit Card,Processing,3
ORD000308,CUST4546,PROD445,Furniture,10,1534.23,15342.3,2024-12-27,16.32,0.27,Bank Transfer,Pending,1
ORD000309,CUST5562,PROD461,Books,11,1642.31,18065.41,2024-10-28,4.88,0.37,PayPal,Delivered,2
ORD000310,CUST5629,PROD79,Apparel,20,604.28,12085.6,2022-07-25,44.88,0.29,Debit Card,Pending,
ORD000311,CUST6116,PROD170,Sports,7,302.44,2117.08,2024-12-04,38.54,0.11,PayPal,Cancelled,
ORD000312,CUST1635,PROD434,Toys,11,81.52,896.72,2023-07-14,0.98,0.25,Credit Card,Processing,1
ORD000313,CUST5641,PROD383,Sports,14,33.92,474.88,2023-04-05,3,0.21,Bank Transfer,Cancelled,
ORD000314,CUST684,PROD420,Automotive,5,1285.61,6428.05,2023-07-13,43.18,0.06,Credit Card,Cancelled,5
ORD000315,CUST775,PROD5,Books,4,1818.66,7274.64,2024-09-10,20.16,0.18,Crypto,Shipped,1
ORD000316,CUST4517,PROD300,Electronics,8,803.95,6431.6,2024-12-22,0.27,0.5,Bank Transfer,Cancelled,
ORD000317,CUST2784,PROD418,Toys,12,866.78,10401.36,2022-04-03,28.3,0.02,COD,Shipped,4
ORD000318,CUST2548,PROD27,Sports,16,1642.62,26281.92,2023-04-06,49.81,0.08,Bank Transfer,Delivered,2
ORD000319,CUST9659,PROD290,Beauty,15,1142.7,17140.5,2022-01-11,49.17,0.43,Bank Transfer,Processing,1
ORD000320,CUST4843,PROD80,Food,6,591.33,3547.98,2023-11-03,12.21,0.43,COD,Processing,3
ORD000321,CUST6013,PROD488,Electronics,12,13.42,161.04,2022-10-18,36.91,0.05,Debit Card,Cancelled,2
ORD000322,CUST6568,PROD177,Electronics,14,1381.54,19341.56,2024-01-12,9.27,0.42,PayPal,Pending,2
ORD000323,CUST9086,PROD186,Home Decor,14,911.34,12758.76,2022-03-12,40.98,0.43,Credit Card,Delivered,4
ORD000324,CUST2224,PROD150,Furniture,14,139.76,1956.64,2023-07-11,30.75,0.24,PayPal,Returned,3
ORD000325,CUST4907,PROD321,Sports,12,1554.06,18648.72,2023-05-11,40.84,0.09,PayPal,Cancelled,
ORD000326,CUST1982,PROD151,Sports,19,1339.33,25447.27,2023-12-06,34.37,0.25,Debit Card,Pending,5
ORD000327,CUST7932,PROD166,Apparel,4,1596.22,6384.88,2023-11-05,41.57,0.01,Net Banking,Cancelled,3
ORD000328,CUST4027,PROD254,Automotive,3,259.09,777.27,2024-08-05,6.87,0.39,Credit Card,Processing,1
ORD000329,CUST890,PROD401,Books,18,770.41,13867.38,2023-09-21,13.51,0.1,Bank Transfer,Returned,1
ORD000330,CUST5144,PROD207,Automotive,15,354.64,5319.6,2023-06-04,9.34,0.16,Bank Transfer,Pending,2
ORD000331,CUST3042,PROD308,Sports,5,443.66,2218.3,2022-12-05,6.19,0.29,Credit Card,Cancelled,4
ORD000332,CUST8669,PROD221,Home Decor,4,1098.25,4393,2024-06-11,11.1,0.33,Debit Card,Shipped,4
ORD000333,CUST1261,PROD88,Sports,1,64.48,64.48,2024-04-04,4.17,0.12,PayPal,Pending,
ORD000334,CUST5058,PROD1,Toys,17,86.58,1471.86,2024-05-12,22.46,0.19,COD,Pending,4
ORD000335,CUST6705,PROD404,Apparel,13,813.73,10578.49,2024-01-04,17.26,0.3,Bank Transfer,Shipped,5
ORD000336,CUST5482,PROD73,Beauty,16,569.55,9112.8,2024-08-28,0.44,0.13,Net Banking,Pending,
ORD000337,CUST5002,PROD292,Furniture,8,1685.29,13482.32,2024-09-28,9.78,0.43,Net Banking,Pending,
ORD000338,CUST6894,PROD23,Food,13,57.47,747.11,2024-10-08,35.12,0.26,Credit Card,Delivered,4
ORD000339,CUST1880,PROD227,Beauty,4,641.1,2564.4,2022-08-16,2.17,0.33,Debit Card,Pending,1
ORD000340,CUST1728,PROD65,Automotive,14,842.83,11799.62,2022-04-03,0.93,0.43,Bank Transfer,Delivered,4
ORD000341,CUST9288,PROD175,Beauty,2,405.98,811.96,2022-04-21,42.83,0.04,Credit Card,Cancelled,1
ORD000342,CUST7983,PROD476,Automotive,10,1030.2,10302,2024-04-12,45.75,0.41,Debit Card,Pending,4
ORD000343,CUST7866,PROD5,Electronics,20,715.76,14315.2,2023-01-10,1.85,0.13,Bank Transfer,Cancelled,5
ORD000344,CUST5622,PROD486,Home Decor,6,495.89,2975.34,2024-05-28,12.99,0.1,Net Banking,Shipped,1
ORD000345,CUST5730,PROD370,Apparel,10,69.33,693.3,2024-01-11,17.92,0.34,Crypto,Processing,3
ORD000346,CUST2136,PROD246,Apparel,9,987.43,8886.87,2024-01-12,29.05,0.22,Debit Card,Returned,4
ORD000347,CUST7949,PROD466,Automotive,17,1948.53,33125.01,2022-07-03,31.36,0.38,Credit Card,Returned,
ORD000348,CUST2000,PROD485,Automotive,4,100.15,400.6,2024-11-14,48.22,0.05,Crypto,Processing,2
ORD000349,CUST8254,PROD341,Food,18,1657.27,29830.86,2024-12-05,13.52,0.31,Net Banking,Pending,2
ORD000350,CUST7088,PROD420,Home Decor,11,679.9,7478.9,2024-08-16,20.08,0.24,Crypto,Delivered,2
ORD000351,CUST719,PROD340,Beauty,1,1457.24,1457.24,2024-11-21,18.81,0.37,Credit Card,Shipped,
ORD000352,CUST5046,PROD399,Electronics,5,1137.98,5689.9,2023-01-12,41.93,0.01,Credit Card,Delivered,3
ORD000353,CUST5589,PROD132,Toys,1,428.66,428.66,2022-02-15,9.66,0.04,COD,Pending,4
ORD000354,CUST2650,PROD383,Electronics,3,404.06,1212.18,2023-12-01,45.46,0.33,COD,Processing,
ORD000355,CUST2828,PROD314,Toys,11,590.86,6499.46,2022-09-02,33.1,0.5,Net Banking,Pending,
ORD000356,CUST9348,PROD97,Books,11,650.47,7155.17,2024-02-13,24.46,0.06,Debit Card,Cancelled,
ORD000357,CUST6253,PROD36,Food,15,1467.14,22007.1,2022-07-05,35.98,0.13,Credit Card,Returned,2
ORD000358,CUST1524,PROD282,Books,7,1589.63,11127.41,2023-10-19,9.84,0.03,Bank Transfer,Returned,1
ORD000359,CUST1178,PROD480,Sports,8,365.09,2920.72,2023-10-13,2.2,0.41,Bank Transfer,Pending,4
ORD000360,CUST1487,PROD218,Automotive,12,1442.53,17310.36,2022-09-02,43.27,0.05,Crypto,Pending,3
ORD000361,CUST3344,PROD143,Sports,19,555.04,10545.76,2024-04-06,17.83,0.36,Bank Transfer,Shipped,
ORD000362,CUST3721,PROD487,Books,15,1890.77,28361.55,2024-03-15,43.67,0.19,Net Banking,Processing,4
ORD000363,CUST1101,PROD426,Automotive,9,1596.41,14367.69,2022-08-07,31.17,0.27,Bank Transfer,Processing,2
ORD000364,CUST6404,PROD90,Beauty,18,225.47,4058.46,2022-09-25,29.11,0.19,PayPal,Shipped,
ORD000365,CUST228,PROD272,Books,6,1139.86,6839.16,2022-09-16,44.13,0.1,Credit Card,Processing,1
ORD000366,CUST1706,PROD87,Electronics,15,1586.36,23795.4,2023-07-09,15.19,0.42,Net Banking,Cancelled,2
ORD000367,CUST6552,PROD33,Sports,13,1836.16,23870.08,2024-08-11,19.16,0.03,Net Banking,Delivered,1
ORD000368,CUST9217,PROD338,Food,1,328.8,328.8,2024-10-18,42.24,0.19,Crypto,Cancelled,1
ORD000369,CUST8603,PROD328,Food,4,763.09,3052.36,2024-11-04,45.37,0.39,PayPal,Shipped,5
ORD000370,CUST4848,PROD81,Home Decor,1,447.84,447.84,2022-10-22,39.29,0.25,Debit Card,Delivered,3
ORD000371,CUST7448,PROD297,Sports,4,1524.64,6098.56,2024-12-21,45.95,0.26,Credit Card,Processing,4
ORD000372,CUST8105,PROD57,Beauty,11,261.83,2880.13,2022-08-16,27.52,0.06,Bank Transfer,Processing,5
ORD000373,CUST9682,PROD483,Electronics,7,1265.51,8858.57,2023-05-14,8.66,0.11,Bank Transfer,Cancelled,2
ORD000374,CUST3659,PROD259,Electronics,10,1767.89,17678.9,2022-01-02,42.41,0.37,Crypto,Delivered,3
ORD000375,CUST7031,PROD324,Furniture,18,1379.04,24822.72,2024-12-11,44.17,0.16,COD,Pending,1
ORD000376,CUST1470,PROD408,Sports,4,728.48,2913.92,2023-08-08,15.21,0.37,Crypto,Pending,3
ORD000377,CUST6134,PROD279,Furniture,17,96.78,1645.26,2024-10-01,33.34,0.3,COD,Returned,2
ORD000378,CUST3706,PROD310,Books,10,1235.58,12355.8,2024-11-07,0.94,0.35,Bank Transfer,Shipped,2
ORD000379,CUST4374,PROD197,Automotive,3,459.3,1377.9,2024-06-07,46.31,0.15,COD,Shipped,
ORD000380,CUST9688,PROD387,Beauty,4,1028.46,4113.84,2024-03-26,17.36,0.21,Debit Card,Processing,5
ORD000381,CUST2829,PROD223,Toys,18,975.04,17550.72,2023-09-18,28.2,0.43,Credit Card,Returned,3
ORD000382,CUST7165,PROD137,Apparel,20,1145.67,22913.4,2024-03-14,34.21,0.1,PayPal,Delivered,
ORD000383,CUST3244,PROD160,Toys,10,161.09,1610.9,2024-02-23,41.17,0.04,Crypto,Delivered,1
ORD000384,CUST5973,PROD146,Furniture,2,226.52,453.04,2023-07-07,35.35,0.4,Bank Transfer,Shipped,2
ORD000385,CUST1984,PROD7,Automotive,8,1760.03,14080.24,2022-10-12,16.35,0.43,Net Banking,Processing,3
ORD000386,CUST1146,PROD220,Beauty,4,610.15,2440.6,2023-03-25,46.53,0.09,Bank Transfer,Pending,1
ORD000387,CUST552,PROD399,Food,6,641.68,3850.08,2024-07-26,11.15,0.41,Crypto,Cancelled,3
ORD000388,CUST8714,PROD420,Automotive,15,266.75,4001.25,2024-08-04,37.35,0.11,PayPal,Delivered,5
ORD000389,CUST7499,PROD368,Home Decor,6,1926.84,11561.04,2023-07-12,25.36,0.4,PayPal,Shipped,3
ORD000390,CUST3404,PROD144,Books,6,1991.59,11949.54,2023-07-12,12.67,0.34,PayPal,Delivered,1
ORD000391,CUST2048,PROD485,Automotive,15,1240.05,18600.75,2023-11-09,25.64,0.23,PayPal,Delivered,5
ORD000392,CUST8244,PROD133,Electronics,9,363.5,3271.5,2022-04-15,15.75,0.2,PayPal,Returned,1
ORD000393,CUST6620,PROD276,Beauty,6,835.14,5010.84,2023-04-03,26.04,0.44,Net Banking,Delivered,4
ORD000394,CUST4302,PROD270,Books,15,31.33,469.95,2023-01-13,10.43,0.11,PayPal,Cancelled,4
ORD000395,CUST3495,PROD284,Toys,19,1578.25,29986.75,2023-04-19,13.22,0.29,Crypto,Cancelled,5
ORD000396,CUST789,PROD163,Automotive,1,279.74,279.74,2023-04-21,12.23,0.09,Crypto,Processing,4
ORD000397,CUST3637,PROD176,Books,18,1032.58,18586.44,2024-12-23,43.08,0.47,Bank Transfer,Cancelled,3
ORD000398,CUST2497,PROD98,Toys,13,1432.02,18616.26,2024-11-14,19.58,0.05,Crypto,Shipped,5
ORD000399,CUST1814,PROD362,Beauty,1,1335.79,1335.79,2023-02-01,42.85,0.47,Bank Transfer,Shipped,
ORD000400,CUST3343,PROD401,Furniture,4,543.76,2175.04,2022-11-10,18.94,0.45,Net Banking,Returned,
ORD000401,CUST7610,PROD222,Apparel,4,836.43,3345.72,2022-04-10,16.02,0.48,Credit Card,Shipped,3
ORD000402,CUST6293,PROD406,Sports,10,1872.16,18721.6,2022-04-06,33.21,0.36,Debit Card,Delivered,
ORD000403,CUST6025,PROD73,Automotive,3,124.64,373.92,2022-10-23,20.23,0.47,Crypto,Pending,1
ORD000404,CUST9052,PROD433,Apparel,13,502.1,6527.3,2023-11-11,40.94,0.01,Net Banking,Returned,5
ORD000405,CUST2579,PROD4,Apparel,7,536.18,3753.26,2023-03-08,32.36,0.18,COD,Delivered,2
ORD000406,CUST1816,PROD385,Electronics,9,677.77,6099.93,2024-09-16,34.99,0.26,PayPal,Shipped,5
ORD000407,CUST9868,PROD262,Food,13,214.53,2788.89,2022-03-16,48.49,0.28,Credit Card,Shipped,3
ORD000408,CUST8093,PROD80,Home Decor,8,1679.51,13436.08,2024-10-03,42.25,0.01,Net Banking,Delivered,5
ORD000409,CUST2531,PROD402,Sports,15,986.69,14800.35,2022-05-27,17.08,0.43,PayPal,Returned,
ORD000410,CUST9339,PROD339,Home Decor,20,1663.15,33263,2023-12-09,22.97,0.07,Bank Transfer,Pending,
ORD000411,CUST6750,PROD360,Apparel,17,120.98,2056.66,2022-09-18,43.3,0.07,Net Banking,Delivered,1
ORD000412,CUST7034,PROD473,Home Decor,18,533.4,9601.2,2022-11-28,44.64,0.04,Bank Transfer,Processing,2
ORD000413,CUST8639,PROD401,Sports,12,219.97,2639.64,2024-06-10,26.94,0.45,Crypto,Returned,5
ORD000414,CUST8216,PROD289,Sports,6,572.91,3437.46,2022-03-25,27.28,0.11,PayPal,Returned,4
ORD000415,CUST5383,PROD197,Food,14,1833.74,25672.36,2023-07-23,4.16,0.31,Debit Card,Shipped,
ORD000416,CUST8266,PROD185,Books,1,469.04,469.04,2023-06-15,10.64,0.45,Bank Transfer,Returned,5
ORD000417,CUST8269,PROD238,Electronics,19,1958.68,37214.92,2023-07-06,5.92,0.35,PayPal,Pending,2
ORD000418,CUST3409,PROD487,Books,14,402.52,5635.28,2024-08-07,16.27,0.34,COD,Shipped,4
ORD000419,CUST8993,PROD19,Electronics,20,1371.68,27433.6,2023-07-21,0.8,0.41,Bank Transfer,Cancelled,2
ORD000420,CUST3684,PROD288,Automotive,8,247.75,1982,2023-08-02,25.39,0.04,Net Banking,Delivered,4
ORD000421,CUST259,PROD468,Furniture,10,1967.95,19679.5,2023-08-11,0.03,0.33,Net Banking,Returned,2
ORD000422,CUST5674,PROD211,Sports,12,1331.27,15975.24,2024-01-11,17.98,0.21,Net Banking,Processing,5
ORD000423,CUST5314,PROD326,Home Decor,17,1940.59,32990.03,2023-06-21,5.11,0.36,Bank Transfer,Processing,
ORD000424,CUST5372,PROD315,Apparel,11,695.95,7655.45,2024-08-03,12.16,0.33,Crypto,Delivered,1
ORD000425,CUST681,PROD409,Automotive,16,784.39,12550.24,2022-12-28,33.21,0.16,Bank Transfer,Cancelled,5
ORD000426,CUST8703,PROD412,Electronics,15,1755.21,26328.15,2024-05-21,13.22,0.28,Net Banking,Shipped,4
ORD000427,CUST2530,PROD390,Books,9,1339.75,12057.75,2023-10-14,0.29,0.38,COD,Cancelled,3
ORD000428,CUST4308,PROD117,Automotive,12,1071.63,12859.56,2023-11-21,41.28,0.45,Credit Card,Processing,5
ORD000429,CUST9972,PROD461,Food,9,1371.41,12342.69,2023-02-12,26.95,0.44,Bank Transfer,Shipped,
ORD000430,CUST2654,PROD9,Home Decor,6,511.61,3069.66,2024-08-21,44.13,0.1,COD,Cancelled,5
ORD000431,CUST6309,PROD186,Apparel,6,1419.86,8519.16,2023-09-02,13.43,0.2,Bank Transfer,Delivered,5
ORD000432,CUST9651,PROD271,Electronics,8,1024.81,8198.48,2023-09-12,15.99,0.46,Credit Card,Delivered,
ORD000433,CUST4923,PROD482,Automotive,15,1474.26,22113.9,2024-01-12,1.54,0.3,Net Banking,Delivered,3
ORD000434,CUST7807,PROD82,Apparel,11,1798.14,19779.54,2022-10-16,25.38,0.04,Credit Card,Shipped,2
ORD000435,CUST1187,PROD349,Electronics,1,213.64,213.64,2024-10-14,44.74,0.12,Crypto,Pending,
ORD000436,CUST1486,PROD100,Furniture,12,1950.94,23411.28,2022-11-23,0.09,0.15,Crypto,Shipped,1
ORD000437,CUST8562,PROD324,Home Decor,16,1349.83,21597.28,2022-05-17,28.88,0.36,Crypto,Delivered,
ORD000438,CUST745,PROD182,Electronics,20,709.08,14181.6,2024-04-20,12.02,0.22,Crypto,Pending,1
ORD000439,CUST1187,PROD322,Furniture,10,299.07,2990.7,2024-04-22,34.34,0.2,Net Banking,Shipped,
ORD000440,CUST3787,PROD359,Home Decor,8,248.21,1985.68,2022-09-13,46.27,0.4,Bank Transfer,Returned,5
ORD000441,CUST2238,PROD255,Apparel,1,1464.66,1464.66,2022-09-02,24.22,0.03,COD,Shipped,5
ORD000442,CUST765,PROD10,Sports,4,1597.45,6389.8,2023-06-11,43.84,0.2,Debit Card,Processing,4
ORD000443,CUST5022,PROD375,Home Decor,15,1518.82,22782.3,2022-08-22,19.29,0.49,PayPal,Shipped,4
ORD000444,CUST350,PROD377,Home Decor,17,352.07,5985.19,2024-03-17,10.88,0.4,COD,Pending,3
ORD000445,CUST7449,PROD128,Sports,6,1799.51,10797.06,2024-01-20,21.13,0.4,Crypto,Cancelled,
ORD000446,CUST5516,PROD293,Toys,7,497.96,3485.72,2024-10-20,32.93,0.05,Credit Card,Delivered,3
ORD000447,CUST2732,PROD457,Apparel,13,1833.3,23832.9,2023-05-16,40.12,0.06,Debit Card,Delivered,
ORD000448,CUST2538,PROD124,Food,20,1845.01,36900.2,2023-10-24,33.85,0.01,Debit Card,Returned,
ORD000449,CUST7648,PROD141,Furniture,11,1162.63,12788.93,2024-11-08,3.59,0.02,Net Banking,Delivered,
ORD000450,CUST6183,PROD95,Automotive,18,484.89,8728.02,2023-03-08,39.77,0.48,Crypto,Delivered,4
ORD000451,CUST8373,PROD484,Books,5,957.81,4789.05,2022-08-24,6.63,0.47,Debit Card,Shipped,3
ORD000452,CUST6362,PROD389,Home Decor,2,389.51,779.02,2022-04-25,5.75,0.48,Credit Card,Processing,5
ORD000453,CUST8780,PROD475,Toys,16,855.82,13693.12,2023-06-07,10.62,0.28,Net Banking,Pending,1
ORD000454,CUST8331,PROD216,Beauty,14,1862.21,26070.94,2024-12-11,8.71,0.07,COD,Returned,3
ORD000455,CUST650,PROD40,Apparel,15,1857.17,27857.55,2022-02-26,9.66,0.05,PayPal,Cancelled,4
ORD000456,CUST9502,PROD294,Books,15,1992.22,29883.3,2023-04-25,10.03,0.42,Bank Transfer,Cancelled,2
ORD000457,CUST1585,PROD230,Food,12,1584.28,19011.36,2022-10-20,26.76,0.29,Credit Card,Cancelled,2
ORD000458,CUST8586,PROD122,Electronics,1,285.21,285.21,2022-07-28,43.02,0.48,Net Banking,Pending,3
ORD000459,CUST9932,PROD381,Sports,7,1635.15,11446.05,2022-08-23,26.27,0.1,Net Banking,Shipped,
ORD000460,CUST1351,PROD366,Beauty,19,705.72,13408.68,2023-10-03,32.87,0.12,PayPal,Delivered,1
ORD000461,CUST7085,PROD231,Furniture,7,263.7,1845.9,2024-02-25,39.11,0.39,Crypto,Shipped,
ORD000462,CUST3476,PROD443,Food,3,1868.23,5604.69,2024-05-07,49.51,0.04,COD,Processing,5
ORD000463,CUST4845,PROD261,Beauty,16,924.51,14792.16,2022-01-12,13.71,0.33,Bank Transfer,Cancelled,3
ORD000464,CUST8872,PROD459,Electronics,5,1536.82,7684.1,2022-08-10,47.1,0.11,COD,Delivered,3
ORD000465,CUST9907,PROD414,Electronics,3,641.19,1923.57,2023-08-13,9.78,0.33,PayPal,Processing,5
ORD000466,CUST6945,PROD415,Furniture,17,1221.34,20762.78,2023-04-22,9.64,0.4,Bank Transfer,Pending,2
ORD000467,CUST8000,PROD361,Apparel,18,970.82,17474.76,2024-06-17,39.79,0.45,Bank Transfer,Returned,5
ORD000468,CUST6466,PROD52,Home Decor,13,570.4,7415.2,2024-02-21,3.95,0.43,Credit Card,Pending,2
ORD000469,CUST9707,PROD491,Home Decor,20,824.29,16485.8,2023-07-12,45.06,0.27,COD,Shipped,3
ORD000470,CUST3926,PROD97,Books,9,1600.95,14408.55,2022-09-25,45.16,0.35,Bank Transfer,Pending,2
ORD000471,CUST435,PROD85,Furniture,7,929.85,6508.95,2022-10-16,35.11,0.17,Bank Transfer,Shipped,
ORD000472,CUST103,PROD226,Electronics,3,359.13,1077.39,2024-10-13,34.83,0.33,PayPal,Delivered,
ORD000473,CUST3081,PROD473,Books,14,1526.95,21377.3,2024-06-26,23.98,0.31,Credit Card,Returned,5
ORD000474,CUST5055,PROD34,Furniture,1,1738.45,1738.45,2023-09-05,3.54,0.22,Crypto,Delivered,4
ORD000475,CUST8404,PROD476,Apparel,18,466.37,8394.66,2024-03-26,17.29,0.19,COD,Shipped,1
ORD000476,CUST9443,PROD219,Books,16,1253.41,20054.56,2022-03-03,38.04,0.24,Net Banking,Delivered,4
ORD000477,CUST4269,PROD325,Toys,11,853.54,9388.94,2023-01-23,29.38,0.47,COD,Delivered,4
ORD000478,CUST5550,PROD203,Beauty,1,1255.76,1255.76,2024-04-21,15.29,0.41,Debit Card,Pending,2
ORD000479,CUST1175,PROD482,Home Decor,7,1169.03,8183.21,2024-06-24,8.61,0,Net Banking,Returned,4
ORD000480,CUST8185,PROD140,Sports,20,594.13,11882.6,2023-09-12,10.53,0.4,PayPal,Delivered,4
ORD000481,CUST4392,PROD130,Sports,10,1084.68,10846.8,2024-02-23,26.71,0.2,Bank Transfer,Shipped,4
ORD000482,CUST5061,PROD224,Home Decor,14,67.1,939.4,2024-09-23,35,0.49,COD,Delivered,
ORD000483,CUST6785,PROD452,Electronics,15,102.83,1542.45,2024-12-16,47.21,0.07,Debit Card,Delivered,5
ORD000484,CUST6394,PROD388,Electronics,17,1972.45,33531.65,2022-04-18,39.03,0.42,COD,Shipped,3
ORD000485,CUST6386,PROD397,Furniture,10,827.74,8277.4,2023-01-14,35.31,0.25,PayPal,Delivered,1
ORD000486,CUST1120,PROD183,Electronics,3,738.72,2216.16,2024-07-19,31.64,0.13,Credit Card,Returned,
ORD000487,CUST2783,PROD313,Automotive,2,1774.83,3549.66,2024-09-08,49.9,0.46,Credit Card,Delivered,2
ORD000488,CUST2186,PROD168,Beauty,3,494.57,1483.71,2022-02-28,30.47,0.28,Credit Card,Shipped,5
ORD000489,CUST4014,PROD47,Automotive,12,1308.63,15703.56,2023-07-18,39.08,0.39,Debit Card,Processing,4
ORD000490,CUST4803,PROD158,Sports,13,221.24,2876.12,2023-11-07,20.1,0.21,Bank Transfer,Returned,1
ORD000491,CUST5572,PROD16,Home Decor,14,237.75,3328.5,2023-08-06,6.97,0.16,Credit Card,Cancelled,5
ORD000492,CUST1009,PROD253,Food,13,1212.48,15762.24,2024-11-22,18.36,0.44,Crypto,Delivered,
ORD000493,CUST688,PROD6,Home Decor,8,595.43,4763.44,2024-10-10,39.62,0.21,PayPal,Delivered,4
ORD000494,CUST7986,PROD391,Furniture,10,973.37,9733.7,2024-09-16,25.41,0.09,Debit Card,Shipped,5
ORD000495,CUST6946,PROD129,Books,16,496.18,7938.88,2023-02-27,24.78,0.33,Bank Transfer,Pending,2
ORD000496,CUST2408,PROD104,Home Decor,13,1555.92,20226.96,2024-01-11,10.4,0.37,COD,Returned,2
ORD000497,CUST8158,PROD391,Electronics,18,1863.15,33536.7,2023-08-05,18.12,0.46,Crypto,Processing,4
ORD000498,CUST9962,PROD204,Beauty,1,1199.68,1199.68,2024-05-02,37.47,0.34,Bank Transfer,Pending,3
ORD000499,CUST1437,PROD198,Home Decor,14,377.87,5290.18,2022-08-06,20.86,0.16,COD,Cancelled,4
ORD000500,CUST2580,PROD224,Home Decor,10,686.61,6866.1,2023-11-10,8.78,0.1,Net Banking,Returned,
ORD000501,CUST5879,PROD398,Automotive,16,1522.82,24365.12,2024-09-05,47.94,0.29,Bank Transfer,Returned,5
ORD000502,CUST6836,PROD326,Automotive,5,1735.34,8676.7,2022-10-03,46.65,0.41,PayPal,Returned,1
ORD000503,CUST676,PROD321,Books,13,672.82,8746.66,2024-04-17,43.03,0.05,COD,Shipped,2
ORD000504,CUST7739,PROD345,Furniture,14,210.19,2942.66,2024-12-06,24.46,0.38,Credit Card,Cancelled,4
ORD000505,CUST6435,PROD200,Food,13,632.44,8221.72,2023-01-04,49.34,0.43,Credit Card,Delivered,5
ORD000506,CUST7618,PROD357,Toys,19,1783.62,33888.78,2024-06-25,3.57,0.28,PayPal,Returned,3
ORD000507,CUST870,PROD451,Apparel,20,208.87,4177.4,2023-07-12,32.75,0.31,Bank Transfer,Returned,1
ORD000508,CUST1762,PROD422,Electronics,10,1491.31,14913.1,2022-02-27,1.61,0.49,Crypto,Returned,3
ORD000509,CUST7815,PROD20,Food,16,1126.03,18016.48,2023-12-16,17.22,0.37,COD,Pending,2
ORD000510,CUST2580,PROD299,Toys,18,1847.4,33253.2,2024-10-19,27.99,0.15,Debit Card,Cancelled,1
ORD000511,CUST431,PROD239,Electronics,12,1473.74,17684.88,2024-02-19,24.15,0.4,COD,Cancelled,5
ORD000512,CUST631,PROD182,Electronics,10,957.65,9576.5,2024-12-19,21.82,0.29,Bank Transfer,Pending,
ORD000513,CUST9902,PROD425,Electronics,14,1232.37,17253.18,2023-05-01,46.87,0.18,Net Banking,Shipped,3
ORD000514,CUST2274,PROD292,Apparel,19,1845.01,35055.19,2023-09-16,44.17,0.46,COD,Cancelled,
ORD000515,CUST5406,PROD65,Apparel,6,989.5,5937,2022-11-27,44.53,0.17,Debit Card,Delivered,1
ORD000516,CUST1825,PROD289,Toys,12,673.61,8083.32,2024-09-24,39,0.3,Crypto,Processing,4
ORD000517,CUST9097,PROD364,Furniture,2,1234.41,2468.82,2023-02-20,10.08,0.49,PayPal,Pending,3
ORD000518,CUST5779,PROD143,Beauty,14,421.51,5901.14,2023-01-25,33.06,0.46,PayPal,Returned,5
ORD000519,CUST3294,PROD168,Toys,15,1269.61,19044.15,2024-03-26,18.5,0.48,Bank Transfer,Cancelled,3
ORD000520,CUST6381,PROD421,Books,15,810.95,12164.25,2023-11-28,44.44,0.17,COD,Shipped,5
ORD000521,CUST8133,PROD13,Toys,10,1026.86,10268.6,2022-06-27,17.22,0.12,Credit Card,Processing,1
ORD000522,CUST1918,PROD204,Home Decor,3,683.42,2050.26,2023-04-13,29.84,0.34,Bank Transfer,Shipped,3
ORD000523,CUST1085,PROD243,Toys,8,1982.28,15858.24,2023-11-27,41.35,0.1,Bank Transfer,Shipped,1
ORD000524,CUST7754,PROD472,Sports,11,1808.64,19895.04,2024-09-27,16.44,0.44,COD,Delivered,5
ORD000525,CUST5635,PROD268,Automotive,8,524.41,4195.28,2022-06-11,6.07,0.16,Crypto,Pending,5
ORD000526,CUST2136,PROD70,Apparel,13,1566.56,20365.28,2024-08-07,17.84,0.42,Credit Card,Returned,1
ORD000527,CUST4955,PROD22,Furniture,1,1403.26,1403.26,2023-07-19,13.52,0.47,COD,Cancelled,5
ORD000528,CUST2182,PROD42,Books,20,137.46,2749.2,2024-10-11,17.55,0.47,COD,Cancelled,4
ORD000529,CUST6451,PROD290,Home Decor,11,1658.64,18245.04,2023-07-16,48.84,0.19,Bank Transfer,Pending,1
ORD000530,CUST4913,PROD443,Apparel,5,1598.95,7994.75,2022-03-16,42.97,0.13,Net Banking,Shipped,4
ORD000531,CUST2091,PROD178,Food,6,81.3,487.8,2022-04-02,29.23,0.31,Crypto,Returned,
ORD000532,CUST8603,PROD185,Food,16,198.22,3171.52,2023-01-06,41.99,0.01,Crypto,Returned,
ORD000533,CUST3198,PROD3,Apparel,3,1869.23,5607.69,2022-03-17,25.27,0.5,Net Banking,Returned,4
ORD000534,CUST725,PROD36,Automotive,4,565.62,2262.48,2022-11-24,46.56,0.14,Credit Card,Delivered,5
ORD000535,CUST6522,PROD98,Books,6,1526.86,9161.16,2022-11-04,12.66,0.22,Debit Card,Processing,
ORD000536,CUST7383,PROD368,Apparel,20,512.18,10243.6,2023-04-17,45.04,0.14,Debit Card,Processing,2
ORD000537,CUST6187,PROD57,Furniture,2,40.68,81.36,2022-03-13,28.2,0.46,Net Banking,Cancelled,
ORD000538,CUST3220,PROD344,Food,8,1466.54,11732.32,2022-02-14,5.55,0.42,Bank Transfer,Pending,3
ORD000539,CUST7562,PROD277,Automotive,6,1278.06,7668.36,2023-09-25,23.66,0.27,Debit Card,Pending,
ORD000540,CUST5941,PROD242,Food,1,1632.19,1632.19,2022-11-15,15.72,0.3,Credit Card,Shipped,1
ORD000541,CUST1334,PROD23,Apparel,17,1462.8,24867.6,2022-02-04,11.07,0.47,PayPal,Processing,5
ORD000542,CUST831,PROD162,Food,14,1954.52,27363.28,2022-09-04,39.35,0.06,Net Banking,Pending,
ORD000543,CUST755,PROD476,Apparel,14,1820.14,25481.96,2022-09-23,8.42,0.03,Debit Card,Delivered,4
ORD000544,CUST8065,PROD431,Furniture,6,1437.6,8625.6,2022-10-03,31.27,0.12,COD,Processing,5
ORD000545,CUST4284,PROD433,Sports,10,406.68,4066.8,2022-03-09,27.68,0.03,Credit Card,Processing,
ORD000546,CUST536,PROD489,Food,13,790.64,10278.32,2023-10-17,27.4,0.28,Net Banking,Cancelled,
ORD000547,CUST8620,PROD484,Books,15,1258.8,18882,2022-05-22,9.36,0.17,Bank Transfer,Returned,4
ORD000548,CUST9426,PROD13,Food,10,1079.2,10792,2023-10-19,35.06,0.43,Debit Card,Delivered,5
ORD000549,CUST9468,PROD162,Food,18,804,14472,2024-04-11,23.66,0.04,COD,Cancelled,5
ORD000550,CUST3638,PROD202,Furniture,2,1207.68,2415.36,2023-03-24,27.9,0.07,Bank Transfer,Returned,5
ORD000551,CUST3862,PROD464,Food,6,1092.46,6554.76,2024-08-06,46.42,0.29,Debit Card,Cancelled,5
ORD000552,CUST1631,PROD65,Electronics,16,1769.04,28304.64,2023-11-07,49.68,0.09,Bank Transfer,Returned,4
ORD000553,CUST8331,PROD392,Toys,6,631.94,3791.64,2022-03-24,30.49,0.38,Debit Card,Returned,2
ORD000554,CUST8680,PROD326,Automotive,4,870.98,3483.92,2024-07-16,25.12,0.07,Bank Transfer,Delivered,1
ORD000555,CUST6983,PROD141,Apparel,4,189.99,759.96,2023-01-19,48.89,0.26,Debit Card,Processing,
ORD000556,CUST8408,PROD209,Toys,16,254.45,4071.2,2022-10-26,1.66,0.33,Net Banking,Pending,2
ORD000557,CUST5102,PROD344,Beauty,10,1314.54,13145.4,2022-05-04,8.22,0.14,Debit Card,Returned,1
ORD000558,CUST1958,PROD73,Beauty,10,1114.87,11148.7,2022-07-02,35.24,0.35,Debit Card,Returned,3
ORD000559,CUST2486,PROD305,Beauty,10,1927.83,19278.3,2022-04-10,15.72,0.27,Net Banking,Returned,3
ORD000560,CUST7079,PROD76,Books,13,1508.87,19615.31,2022-11-07,24.89,0,Debit Card,Shipped,5
ORD000561,CUST9373,PROD207,Apparel,2,726.12,1452.24,2022-10-15,31.15,0.11,Bank Transfer,Delivered,4
ORD000562,CUST7014,PROD444,Furniture,19,1992.53,37858.07,2023-07-22,20.16,0.1,PayPal,Delivered,4
ORD000563,CUST1476,PROD157,Books,9,170.3,1532.7,2023-04-09,29.55,0.25,COD,Returned,3
ORD000564,CUST1816,PROD262,Furniture,11,449.91,4949.01,2024-11-03,15.89,0.13,Bank Transfer,Delivered,4
ORD000565,CUST6909,PROD31,Furniture,15,868.71,13030.65,2024-06-16,7.99,0.01,Bank Transfer,Pending,4
ORD000566,CUST1130,PROD84,Electronics,3,1290.29,3870.87,2023-06-20,31.9,0.39,Debit Card,Pending,1
ORD000567,CUST1725,PROD65,Food,2,1393.8,2787.6,2022-11-02,8.15,0.13,COD,Returned,4
ORD000568,CUST6902,PROD458,Home Decor,10,576.87,5768.7,2022-10-20,8.44,0.15,Net Banking,Cancelled,4
ORD000569,CUST2658,PROD69,Beauty,8,134.6,1076.8,2023-08-07,42.49,0.49,COD,Pending,3
ORD000570,CUST603,PROD467,Sports,15,553.68,8305.2,2024-08-17,38.77,0.07,Net Banking,Shipped,4
ORD000571,CUST7419,PROD247,Automotive,10,1883.3,18833,2022-05-08,4.99,0.16,COD,Cancelled,
ORD000572,CUST7162,PROD362,Automotive,18,431.55,7767.9,2022-04-27,36.82,0.28,PayPal,Delivered,2
ORD000573,CUST6932,PROD329,Sports,7,1451.93,10163.51,2023-12-17,41.15,0.43,PayPal,Pending,1
ORD000574,CUST593,PROD367,Home Decor,13,908.55,11811.15,2023-01-13,41.28,0.05,PayPal,Cancelled,5
ORD000575,CUST8236,PROD392,Electronics,3,319.9,959.7,2023-12-07,31.15,0.17,Debit Card,Delivered,3
ORD000576,CUST5416,PROD371,Food,14,10.24,143.36,2022-04-11,26.9,0.31,Bank Transfer,Pending,4
ORD000577,CUST4238,PROD24,Books,2,1145.87,2291.74,2022-10-23,30.48,0.4,Credit Card,Cancelled,5
ORD000578,CUST1386,PROD374,Food,2,1361.14,2722.28,2022-01-03,16.02,0.33,Crypto,Processing,2
ORD000579,CUST5875,PROD422,Furniture,3,104.1,312.3,2022-06-20,29.01,0.15,Debit Card,Shipped,
ORD000580,CUST1252,PROD267,Food,12,742.77,8913.24,2024-02-18,39.48,0.02,Net Banking,Cancelled,4
ORD000581,CUST2088,PROD23,Electronics,1,113.33,113.33,2023-05-21,22.23,0.01,Debit Card,Returned,1
ORD000582,CUST5986,PROD422,Furniture,10,452.74,4527.4,2022-03-15,5.43,0.42,Debit Card,Returned,3
ORD000583,CUST581,PROD285,Sports,10,456.21,4562.1,2023-08-08,41.95,0.15,Debit Card,Cancelled,4
ORD000584,CUST5759,PROD354,Home Decor,2,514.46,1028.92,2024-02-25,14.62,0.33,Credit Card,Delivered,4
ORD000585,CUST5799,PROD382,Food,1,1133.77,1133.77,2024-09-06,22.1,0.21,Bank Transfer,Returned,5
ORD000586,CUST3014,PROD358,Furniture,2,752.21,1504.42,2024-02-26,32.92,0.21,Debit Card,Pending,1
ORD000587,CUST263,PROD324,Sports,20,1311.04,26220.8,2023-10-06,40.18,0.32,Credit Card,Processing,4
ORD000588,CUST3876,PROD199,Books,2,630.44,1260.88,2022-12-09,31.99,0.31,Bank Transfer,Pending,4
ORD000589,CUST6093,PROD487,Furniture,5,1310.72,6553.6,2024-07-10,19.3,0.26,PayPal,Delivered,2
ORD000590,CUST1255,PROD93,Home Decor,20,1398.82,27976.4,2022-03-04,5.32,0.06,Bank Transfer,Pending,1
ORD000591,CUST9874,PROD177,Books,6,1974.84,11849.04,2024-04-21,48.38,0.41,Crypto,Delivered,
ORD000592,CUST2447,PROD410,Beauty,16,1235.36,19765.76,2022-05-09,24.87,0.22,Credit Card,Shipped,2
ORD000593,CUST3507,PROD300,Beauty,3,1656.27,4968.81,2022-02-27,22.09,0.15,COD,Delivered,5
ORD000594,CUST152,PROD417,Furniture,19,1552.33,29494.27,2022-09-16,38.12,0.24,COD,Pending,5
ORD000595,CUST3455,PROD43,Home Decor,5,491.34,2456.7,2023-12-05,37.06,0.44,Bank Transfer,Cancelled,5
ORD000596,CUST2118,PROD42,Sports,1,1483.41,1483.41,2022-02-25,35.22,0.35,Credit Card,Delivered,5
ORD000597,CUST217,PROD287,Home Decor,18,1926.19,34671.42,2022-10-17,48.99,0.43,Crypto,Processing,5
ORD000598,CUST4904,PROD90,Electronics,5,200.94,1004.7,2022-04-05,41.61,0.45,PayPal,Processing,2
ORD000599,CUST6147,PROD417,Furniture,4,215.56,862.24,2023-04-16,31.4,0.5,Net Banking,Pending,5
ORD000600,CUST503,PROD136,Automotive,3,1202.94,3608.82,2024-08-04,6.41,0.05,Net Banking,Cancelled,2
ORD000601,CUST3915,PROD104,Furniture,3,187.62,562.86,2023-07-18,41.5,0.22,PayPal,Processing,4
ORD000602,CUST2424,PROD410,Sports,20,1675.79,33515.8,2022-01-14,25.79,0.08,Bank Transfer,Processing,3
ORD000603,CUST3163,PROD134,Beauty,4,1608.34,6433.36,2024-10-20,29.25,0.3,Credit Card,Shipped,5
ORD000604,CUST7539,PROD168,Beauty,7,870.21,6091.47,2022-10-23,27.85,0.28,Net Banking,Returned,
ORD000605,CUST1941,PROD359,Apparel,4,1302.59,5210.36,2022-12-13,11.11,0.1,Crypto,Processing,4
ORD000606,CUST7910,PROD363,Furniture,16,793.97,12703.52,2023-12-17,27.84,0.08,Bank Transfer,Processing,2
ORD000607,CUST5743,PROD130,Automotive,14,1473.34,20626.76,2024-04-28,23.49,0.46,COD,Processing,1
ORD000608,CUST4330,PROD401,Food,3,1526.11,4578.33,2024-04-12,44.86,0.05,Net Banking,Processing,2
ORD000609,CUST2232,PROD133,Beauty,4,1050.52,4202.08,2022-10-16,47.05,0.44,COD,Cancelled,5
ORD000610,CUST557,PROD265,Furniture,16,1764.61,28233.76,2024-01-25,49.15,0.18,Credit Card,Processing,
ORD000611,CUST3509,PROD479,Sports,15,640.96,9614.4,2023-10-22,26.47,0.4,Debit Card,Processing,5
ORD000612,CUST6034,PROD234,Beauty,17,1046.64,17792.88,2023-01-18,14.56,0.4,Bank Transfer,Processing,2
ORD000613,CUST5588,PROD466,Toys,6,257.83,1546.98,2023-04-11,4.72,0.25,PayPal,Delivered,
ORD000614,CUST7855,PROD80,Furniture,18,602.48,10844.64,2022-01-11,1.06,0.25,Debit Card,Pending,3
ORD000615,CUST4894,PROD388,Home Decor,4,591.33,2365.32,2023-02-18,13.82,0.02,Net Banking,Pending,2
ORD000616,CUST4955,PROD461,Furniture,5,806.72,4033.6,2024-07-27,1.98,0.14,Net Banking,Returned,5
ORD000617,CUST9163,PROD230,Books,12,1045.8,12549.6,2023-10-18,35.88,0.22,Credit Card,Pending,4
ORD000618,CUST5457,PROD283,Home Decor,14,105.33,1474.62,2022-04-22,23.9,0.28,Bank Transfer,Cancelled,5
ORD000619,CUST3115,PROD79,Toys,17,1143.45,19438.65,2022-08-04,40.99,0.29,COD,Processing,3
ORD000620,CUST9816,PROD20,Home Decor,5,498.52,2492.6,2024-12-07,41.69,0.14,Crypto,Cancelled,3
ORD000621,CUST1423,PROD324,Apparel,3,788.35,2365.05,2023-05-19,23.63,0.21,Crypto,Processing,
ORD000622,CUST1780,PROD300,Apparel,17,1115.62,18965.54,2023-05-01,24.09,0.1,PayPal,Cancelled,
ORD000623,CUST8836,PROD91,Books,2,618.56,1237.12,2024-10-12,26.51,0.35,PayPal,Processing,2
ORD000624,CUST9616,PROD329,Food,18,246.34,4434.12,2023-11-03,32.75,0.12,Debit Card,Pending,1
ORD000625,CUST5142,PROD263,Books,8,631.43,5051.44,2022-10-01,23.8,0.32,PayPal,Shipped,3
ORD000626,CUST2662,PROD18,Automotive,4,1410.81,5643.24,2023-01-05,47.99,0.49,Debit Card,Shipped,5
ORD000627,CUST6270,PROD459,Furniture,13,515.1,6696.3,2022-01-09,13.78,0.11,Net Banking,Returned,3
ORD000628,CUST2507,PROD388,Sports,12,1393.78,16725.36,2023-12-03,1.91,0.01,Net Banking,Shipped,3
ORD000629,CUST2151,PROD162,Automotive,17,538.07,9147.19,2022-02-08,48.6,0.21,Crypto,Returned,4
ORD000630,CUST3750,PROD419,Home Decor,11,896.12,9857.32,2024-10-02,4.38,0.04,PayPal,Pending,1
ORD000631,CUST5275,PROD485,Beauty,18,1832.73,32989.14,2024-06-11,9.4,0.27,PayPal,Delivered,4
ORD000632,CUST8428,PROD37,Automotive,19,1633.38,31034.22,2024-10-15,13.69,0.48,PayPal,Delivered,4
ORD000633,CUST4078,PROD99,Books,18,648.77,11677.86,2022-09-27,42.05,0.13,Credit Card,Processing,5
ORD000634,CUST3977,PROD332,Food,13,157.09,2042.17,2024-10-24,15.81,0.05,PayPal,Cancelled,
ORD000635,CUST3113,PROD406,Apparel,10,874.26,8742.6,2023-12-27,32.8,0.19,PayPal,Shipped,4
ORD000636,CUST4868,PROD234,Home Decor,8,685.07,5480.56,2023-05-28,42.31,0.36,Net Banking,Delivered,3
ORD000637,CUST6202,PROD313,Sports,19,18.61,353.59,2024-01-08,27.17,0.44,Bank Transfer,Processing,5
ORD000638,CUST6977,PROD123,Electronics,3,221.32,663.96,2023-06-27,11.4,0.22,PayPal,Shipped,5
ORD000639,CUST857,PROD416,Books,5,1930.64,9653.2,2023-03-14,25.67,0.01,Crypto,Delivered,5
ORD000640,CUST2266,PROD235,Furniture,20,1431.31,28626.2,2022-07-02,1.14,0.4,Debit Card,Delivered,1
ORD000641,CUST9950,PROD268,Automotive,13,1666.29,21661.77,2022-05-25,18.31,0.08,Credit Card,Returned,
ORD000642,CUST436,PROD82,Automotive,12,215.39,2584.68,2024-09-07,9.01,0.25,Debit Card,Shipped,4
ORD000643,CUST6552,PROD364,Furniture,10,396.82,3968.2,2023-03-20,20.11,0.11,Credit Card,Shipped,5
ORD000644,CUST1376,PROD171,Home Decor,12,1347.9,16174.8,2022-12-13,3.01,0.18,Net Banking,Pending,3
ORD000645,CUST1299,PROD468,Furniture,17,15,255,2023-04-01,33.5,0.39,COD,Pending,1
ORD000646,CUST2263,PROD336,Sports,12,1861.17,22334.04,2022-10-06,34.47,0.07,Credit Card,Shipped,3
ORD000647,CUST6985,PROD70,Automotive,1,41.07,41.07,2024-08-20,40.34,0.25,Net Banking,Processing,1
ORD000648,CUST5005,PROD244,Sports,1,1498.73,1498.73,2022-04-27,29.8,0.25,PayPal,Shipped,
ORD000649,CUST9123,PROD396,Sports,1,224.79,224.79,2024-12-27,6.17,0.09,COD,Returned,
ORD000650,CUST6928,PROD285,Home Decor,5,1333.56,6667.8,2023-05-21,7.28,0.16,Debit Card,Cancelled,3
ORD000651,CUST2431,PROD30,Sports,9,44.84,403.56,2023-09-23,49.21,0.34,Crypto,Processing,
ORD000652,CUST9784,PROD279,Sports,7,1482.83,10379.81,2022-09-16,34.79,0.08,Debit Card,Returned,
ORD000653,CUST7017,PROD43,Electronics,5,552.32,2761.6,2022-05-09,33.12,0.41,Net Banking,Delivered,5
ORD000654,CUST4982,PROD421,Automotive,6,1820.37,10922.22,2022-06-19,24.37,0.04,Credit Card,Delivered,1
ORD000655,CUST5909,PROD266,Apparel,4,606.26,2425.04,2023-10-09,16.19,0.22,PayPal,Returned,1
ORD000656,CUST1485,PROD176,Furniture,16,1844.02,29504.32,2022-12-10,42.51,0.27,Bank Transfer,Pending,2
ORD000657,CUST4164,PROD2,Automotive,16,405.6,6489.6,2023-09-27,46.99,0.21,Net Banking,Delivered,4
ORD000658,CUST7387,PROD417,Home Decor,5,1489.81,7449.05,2023-05-13,12.49,0.37,Bank Transfer,Shipped,2
ORD000659,CUST6149,PROD397,Furniture,9,1208.81,10879.29,2023-02-23,17.19,0.22,PayPal,Shipped,4
ORD000660,CUST8770,PROD41,Food,9,1815.78,16342.02,2022-07-07,15.92,0.27,Bank Transfer,Shipped,2
ORD000661,CUST1047,PROD54,Furniture,5,617.09,3085.45,2024-03-22,49.25,0.34,Crypto,Cancelled,3
ORD000662,CUST6267,PROD219,Electronics,2,34.72,69.44,2024-04-09,28.8,0.05,COD,Cancelled,4
ORD000663,CUST6794,PROD312,Toys,6,1717.99,10307.94,2023-11-17,37.12,0.14,Debit Card,Returned,3
ORD000664,CUST238,PROD181,Apparel,12,1552.7,18632.4,2023-11-15,16.68,0.29,PayPal,Processing,3
ORD000665,CUST6935,PROD292,Electronics,11,1882.76,20710.36,2024-10-25,16.33,0.46,PayPal,Shipped,2
ORD000666,CUST5353,PROD232,Apparel,7,1549.96,10849.72,2023-04-25,37.24,0.25,Net Banking,Processing,4
ORD000667,CUST7330,PROD172,Books,4,217.93,871.72,2024-08-28,40.77,0.09,Bank Transfer,Delivered,2
ORD000668,CUST3442,PROD427,Home Decor,17,1388.48,23604.16,2023-02-24,7.15,0.09,Bank Transfer,Processing,3
ORD000669,CUST6188,PROD194,Food,16,311.37,4981.92,2022-10-16,43.77,0.02,Credit Card,Returned,2
ORD000670,CUST4905,PROD263,Furniture,5,915.45,4577.25,2023-10-25,32.59,0.06,Crypto,Returned,1
ORD000671,CUST7815,PROD186,Beauty,9,1628.6,14657.4,2022-01-02,15.19,0.3,PayPal,Cancelled,5
ORD000672,CUST1591,PROD431,Beauty,11,560.31,6163.41,2022-11-23,9.77,0.06,Crypto,Delivered,3
ORD000673,CUST3138,PROD442,Food,7,1833.9,12837.3,2024-04-18,47.34,0.08,Net Banking,Processing,4
ORD000674,CUST1879,PROD326,Toys,4,1895.19,7580.76,2023-11-11,26.09,0.17,Net Banking,Processing,
ORD000675,CUST4637,PROD61,Apparel,20,1533.62,30672.4,2024-02-03,21.96,0.15,Bank Transfer,Cancelled,5
ORD000676,CUST1937,PROD70,Books,8,1420.69,11365.52,2023-05-24,15.29,0.45,Debit Card,Cancelled,2
ORD000677,CUST9245,PROD163,Toys,12,1104.59,13255.08,2023-08-02,33.02,0.06,Net Banking,Pending,1
ORD000678,CUST2621,PROD474,Sports,13,911.41,11848.33,2023-09-21,0.45,0.27,Crypto,Pending,5
ORD000679,CUST7409,PROD12,Automotive,4,521.82,2087.28,2024-08-12,45.57,0.17,Crypto,Processing,4
ORD000680,CUST6633,PROD94,Home Decor,9,192.5,1732.5,2024-08-05,30.81,0.31,Net Banking,Shipped,4
ORD000681,CUST3137,PROD376,Electronics,13,1859.01,24167.13,2024-09-08,0.03,0.44,Debit Card,Returned,5
ORD000682,CUST7009,PROD65,Toys,18,1994.73,35905.14,2024-01-15,3.08,0.07,PayPal,Pending,1
ORD000683,CUST7173,PROD10,Sports,12,1107.8,13293.6,2024-04-08,30,0.17,Bank Transfer,Shipped,2
ORD000684,CUST2962,PROD173,Sports,2,1552.24,3104.48,2024-04-22,12.03,0.39,Bank Transfer,Delivered,3
ORD000685,CUST4162,PROD454,Sports,11,723.54,7958.94,2022-05-04,16.57,0.12,Bank Transfer,Delivered,3
ORD000686,CUST7529,PROD312,Apparel,8,1724.75,13798,2023-06-14,43.68,0.14,Debit Card,Returned,4
ORD000687,CUST5676,PROD99,Electronics,13,723.15,9400.95,2023-03-19,39.33,0,COD,Delivered,4
ORD000688,CUST8674,PROD23,Beauty,2,770.87,1541.74,2023-08-05,25.77,0.13,PayPal,Delivered,3
ORD000689,CUST2435,PROD212,Sports,14,685.72,9600.08,2023-03-08,43.84,0.39,Debit Card,Shipped,3
ORD000690,CUST5922,PROD331,Sports,18,1942.49,34964.82,2022-06-15,29.09,0.31,Crypto,Cancelled,2
ORD000691,CUST7676,PROD32,Furniture,9,1767.29,15905.61,2024-08-04,14.01,0.32,Net Banking,Pending,
ORD000692,CUST1517,PROD358,Apparel,6,93.41,560.46,2024-06-09,48.8,0.1,Bank Transfer,Pending,
ORD000693,CUST8018,PROD160,Electronics,9,1011.05,9099.45,2024-03-24,2.97,0.35,Crypto,Returned,4
ORD000694,CUST3436,PROD408,Automotive,2,641.86,1283.72,2024-05-02,3.45,0.48,Crypto,Shipped,3
ORD000695,CUST4928,PROD200,Beauty,9,543.92,4895.28,2022-09-10,44.8,0.01,Net Banking,Returned,3
ORD000696,CUST130,PROD467,Automotive,3,1242.49,3727.47,2023-04-03,27.54,0.23,Credit Card,Returned,5
ORD000697,CUST7457,PROD27,Food,11,643.1,7074.1,2023-02-18,43.81,0.2,Bank Transfer,Pending,3
ORD000698,CUST7669,PROD308,Toys,14,1970.79,27591.06,2023-12-11,39.67,0.25,PayPal,Delivered,2
ORD000699,CUST227,PROD393,Toys,1,701.34,701.34,2022-05-17,36.63,0.39,Credit Card,Cancelled,5
ORD000700,CUST3683,PROD407,Automotive,9,44.53,400.77,2022-01-07,47.8,0.36,Net Banking,Delivered,1
ORD000701,CUST4991,PROD365,Home Decor,8,900.44,7203.52,2022-06-18,17.23,0.49,Net Banking,Returned,1
ORD000702,CUST1975,PROD87,Sports,6,1246.57,7479.42,2022-06-26,31.29,0.34,Credit Card,Pending,
ORD000703,CUST5034,PROD184,Toys,9,720.98,6488.82,2023-04-10,45.31,0.34,Net Banking,Shipped,3
ORD000704,CUST9032,PROD471,Food,12,1232.97,14795.64,2022-11-17,12.3,0.24,Bank Transfer,Returned,2
ORD000705,CUST2659,PROD428,Furniture,17,1390.74,23642.58,2022-11-13,0.3,0.14,Net Banking,Shipped,1
ORD000706,CUST7050,PROD475,Books,4,984.79,3939.16,2023-05-13,27.28,0.21,Bank Transfer,Returned,1
ORD000707,CUST7823,PROD40,Books,6,893.77,5362.62,2023-02-21,21.39,0.1,PayPal,Processing,4
ORD000708,CUST1616,PROD210,Toys,16,491.71,7867.36,2022-01-19,19.87,0.36,Net Banking,Returned,5
ORD000709,CUST8253,PROD28,Toys,7,1933.64,13535.48,2022-04-18,19.23,0.04,Bank Transfer,Pending,2
ORD000710,CUST3907,PROD226,Sports,19,231.46,4397.74,2022-09-24,33.8,0.17,Credit Card,Cancelled,2
ORD000711,CUST9008,PROD182,Sports,20,1283.41,25668.2,2022-10-27,26.33,0.04,Credit Card,Shipped,5
ORD000712,CUST6740,PROD310,Toys,19,763.17,14500.23,2024-05-22,22.09,0.35,Bank Transfer,Delivered,4
ORD000713,CUST4688,PROD462,Apparel,3,1585.13,4755.39,2022-03-19,33.94,0.43,Crypto,Shipped,1
ORD000714,CUST454,PROD318,Sports,14,1294.91,18128.74,2023-01-21,17.95,0.21,Bank Transfer,Pending,
ORD000715,CUST2079,PROD388,Automotive,10,1199.35,11993.5,2023-10-10,24.52,0.17,Debit Card,Returned,3
ORD000716,CUST4524,PROD131,Food,2,78.21,156.42,2024-04-22,16.73,0.4,Net Banking,Cancelled,2
ORD000717,CUST764,PROD345,Books,9,55.83,502.47,2024-11-12,26.38,0.25,Net Banking,Pending,3
ORD000718,CUST104,PROD159,Apparel,1,30.31,30.31,2022-04-27,45.3,0.16,Credit Card,Delivered,2
ORD000719,CUST4303,PROD289,Apparel,1,1934.82,1934.82,2022-03-05,5.06,0.07,Credit Card,Cancelled,
ORD000720,CUST6627,PROD435,Automotive,20,428.34,8566.8,2023-09-16,31.22,0.15,PayPal,Processing,3
ORD000721,CUST8719,PROD412,Home Decor,6,356.26,2137.56,2023-08-10,8.98,0.36,Credit Card,Processing,2
ORD000722,CUST9629,PROD233,Food,11,209.87,2308.57,2022-06-07,46.17,0,PayPal,Pending,5
ORD000723,CUST6591,PROD212,Sports,6,1537.03,9222.18,2022-08-16,41.06,0.06,Credit Card,Pending,2
ORD000724,CUST7384,PROD93,Toys,13,803.49,10445.37,2022-09-08,20.25,0.43,Debit Card,Pending,2
ORD000725,CUST1771,PROD16,Home Decor,8,116.22,929.76,2023-07-09,47.65,0.28,PayPal,Pending,5
ORD000726,CUST4238,PROD233,Apparel,19,213.86,4063.34,2022-06-21,2.88,0.16,Net Banking,Processing,1
ORD000727,CUST5897,PROD411,Beauty,18,121.49,2186.82,2023-08-22,30.48,0.3,Debit Card,Shipped,
ORD000728,CUST4743,PROD136,Furniture,7,518.96,3632.72,2022-12-14,17.7,0.2,Net Banking,Pending,
ORD000729,CUST3311,PROD98,Furniture,2,1051.5,2103,2023-08-14,39.52,0.11,Crypto,Shipped,2
ORD000730,CUST9855,PROD487,Electronics,18,1550.18,27903.24,2024-04-20,49.74,0.17,Bank Transfer,Returned,4
ORD000731,CUST1496,PROD199,Sports,7,1164.13,8148.91,2022-05-19,14.54,0.4,Crypto,Processing,1
ORD000732,CUST680,PROD33,Automotive,15,1605.04,24075.6,2024-12-02,30.79,0.43,Debit Card,Processing,3
ORD000733,CUST1254,PROD184,Automotive,18,670.36,12066.48,2024-08-19,32.63,0.09,Crypto,Processing,5
ORD000734,CUST4400,PROD50,Furniture,15,1170.83,17562.45,2022-07-20,15.64,0.43,COD,Cancelled,4
ORD000735,CUST5107,PROD64,Toys,19,534.66,10158.54,2024-03-01,14.92,0.14,COD,Cancelled,4
ORD000736,CUST8843,PROD14,Food,20,466.7,9334,2022-10-09,5.06,0.38,Crypto,Shipped,3
ORD000737,CUST5668,PROD180,Toys,11,1480.86,16289.46,2022-02-27,47.3,0.11,Credit Card,Delivered,3
ORD000738,CUST2036,PROD11,Electronics,12,479.97,5759.64,2022-05-11,24.7,0.39,Crypto,Pending,
ORD000739,CUST8786,PROD91,Sports,12,1049.03,12588.36,2022-12-10,35.07,0.39,Crypto,Delivered,4
ORD000740,CUST4180,PROD207,Apparel,4,40.6,162.4,2023-02-13,39.33,0.39,Bank Transfer,Delivered,4
ORD000741,CUST2779,PROD316,Food,1,1636.39,1636.39,2023-12-11,13.39,0.33,Net Banking,Cancelled,5
ORD000742,CUST1215,PROD354,Sports,14,640.79,8971.06,2022-12-27,9.73,0.2,Credit Card,Returned,1
ORD000743,CUST6896,PROD335,Food,12,1051.03,12612.36,2022-03-28,18.65,0.33,Bank Transfer,Delivered,3
ORD000744,CUST4846,PROD460,Home Decor,6,1757.3,10543.8,2024-08-27,30.49,0.06,Net Banking,Shipped,5
ORD000745,CUST4732,PROD7,Home Decor,16,1432.5,22920,2023-06-27,26.44,0.42,Crypto,Cancelled,1
ORD000746,CUST8616,PROD166,Automotive,8,232.81,1862.48,2023-09-24,5.77,0.22,Debit Card,Cancelled,3
ORD000747,CUST2302,PROD234,Automotive,13,491.5,6389.5,2022-10-04,49.15,0.33,Debit Card,Returned,1
ORD000748,CUST9504,PROD405,Electronics,20,1641.43,32828.6,2024-05-15,49.46,0.04,Credit Card,Pending,
ORD000749,CUST8669,PROD284,Food,1,1079.94,1079.94,2024-02-05,42.41,0,Net Banking,Processing,
ORD000750,CUST3545,PROD382,Apparel,7,629.35,4405.45,2023-09-08,8.51,0.15,Net Banking,Returned,1
ORD000751,CUST8806,PROD447,Food,20,1597.61,31952.2,2024-09-11,20.96,0.11,Bank Transfer,Shipped,5
ORD000752,CUST1825,PROD356,Home Decor,16,485.76,7772.16,2024-07-19,40.31,0.42,Debit Card,Delivered,
ORD000753,CUST6830,PROD254,Toys,14,987.42,13823.88,2023-02-12,49.42,0.34,PayPal,Pending,1
ORD000754,CUST9005,PROD244,Automotive,13,990.31,12874.03,2023-01-04,30.83,0.34,COD,Pending,1
ORD000755,CUST6709,PROD42,Furniture,6,363.48,2180.88,2022-03-22,8.9,0.41,COD,Cancelled,5
ORD000756,CUST4664,PROD440,Books,5,528.6,2643,2023-05-05,45.21,0.07,PayPal,Delivered,
ORD000757,CUST4888,PROD27,Food,14,81.54,1141.56,2022-03-12,14.8,0.45,COD,Delivered,1
ORD000758,CUST7347,PROD275,Toys,13,1907.52,24797.76,2023-11-17,40.76,0.09,PayPal,Cancelled,4
ORD000759,CUST6191,PROD442,Books,15,594.57,8918.55,2022-04-19,33.02,0.21,Credit Card,Delivered,3
ORD000760,CUST9409,PROD206,Books,7,1696.83,11877.81,2022-09-22,17.23,0.5,Bank Transfer,Delivered,4
ORD000761,CUST2357,PROD405,Automotive,9,686.54,6178.86,2022-09-16,30.36,0.31,Credit Card,Delivered,5
ORD000762,CUST2673,PROD402,Sports,3,551.92,1655.76,2023-03-13,18.79,0.26,Credit Card,Delivered,
ORD000763,CUST2120,PROD440,Books,6,785.17,4711.02,2023-08-07,30.05,0.02,COD,Cancelled,3
ORD000764,CUST2074,PROD474,Apparel,19,123.34,2343.46,2023-09-13,39.14,0.09,Credit Card,Pending,4
ORD000765,CUST6349,PROD135,Electronics,1,1766.76,1766.76,2024-05-08,35.91,0.45,Bank Transfer,Shipped,3
ORD000766,CUST6673,PROD15,Toys,10,1361.84,13618.4,2022-09-24,29.09,0.3,PayPal,Returned,4
ORD000767,CUST9783,PROD332,Home Decor,6,205.02,1230.12,2023-07-20,35.97,0.07,Net Banking,Returned,5
ORD000768,CUST7766,PROD265,Home Decor,4,1993.47,7973.88,2024-05-11,40.18,0.14,Net Banking,Processing,3
ORD000769,CUST2386,PROD50,Sports,5,1199.16,5995.8,2022-02-25,18.88,0.38,PayPal,Pending,1
ORD000770,CUST9268,PROD429,Furniture,9,1789.6,16106.4,2022-11-27,10.26,0.49,Credit Card,Pending,4
ORD000771,CUST4998,PROD424,Furniture,6,334.22,2005.32,2022-08-18,34.56,0.1,Crypto,Pending,4
ORD000772,CUST5900,PROD42,Books,13,87.95,1143.35,2022-01-15,10.43,0.04,PayPal,Processing,1
ORD000773,CUST7844,PROD171,Food,9,1069.91,9629.19,2022-09-24,32.91,0.15,Net Banking,Pending,2
ORD000774,CUST6901,PROD184,Furniture,17,329.44,5600.48,2023-03-01,36.84,0.27,PayPal,Shipped,
ORD000775,CUST3671,PROD490,Sports,14,1160.81,16251.34,2022-03-07,16.86,0.33,Bank Transfer,Pending,4
ORD000776,CUST7910,PROD51,Apparel,11,161.7,1778.7,2024-01-11,11.41,0.33,Crypto,Shipped,5
ORD000777,CUST8109,PROD242,Apparel,18,306.43,5515.74,2023-08-10,37.42,0.35,COD,Cancelled,5
ORD000778,CUST8317,PROD496,Food,14,377.43,5284.02,2023-10-11,48.76,0.26,Debit Card,Shipped,2
ORD000779,CUST5314,PROD17,Apparel,16,780.94,12495.04,2023-02-10,37.69,0.46,PayPal,Cancelled,3
ORD000780,CUST8172,PROD79,Automotive,15,741.65,11124.75,2024-07-03,43.59,0.16,COD,Cancelled,5
ORD000781,CUST1086,PROD466,Automotive,4,691.84,2767.36,2024-08-20,23.84,0.31,Crypto,Processing,5
ORD000782,CUST7374,PROD265,Electronics,9,1129.19,10162.71,2024-06-19,12.48,0.04,PayPal,Shipped,3
ORD000783,CUST5018,PROD321,Furniture,20,36.88,737.6,2023-07-04,5.48,0.24,PayPal,Returned,2
ORD000784,CUST2439,PROD413,Furniture,11,1178.44,12962.84,2024-02-22,7.49,0.28,PayPal,Returned,4
ORD000785,CUST8218,PROD147,Beauty,9,24.94,224.46,2022-03-18,13.57,0.47,Crypto,Pending,3
ORD000786,CUST958,PROD492,Food,9,1551.57,13964.13,2024-06-26,39.11,0.36,Bank Transfer,Pending,3
ORD000787,CUST3634,PROD19,Electronics,10,737.85,7378.5,2022-01-03,6.44,0.31,Debit Card,Shipped,
ORD000788,CUST518,PROD1,Home Decor,13,177.13,2302.69,2024-02-22,49.93,0.22,PayPal,Shipped,5
ORD000789,CUST5922,PROD193,Toys,20,1151.48,23029.6,2023-07-13,2.1,0.29,PayPal,Shipped,
ORD000790,CUST7825,PROD173,Sports,17,1372.24,23328.08,2023-06-16,28.48,0.12,COD,Delivered,4
ORD000791,CUST6505,PROD81,Toys,1,733.69,733.69,2022-04-09,28.77,0.39,Crypto,Shipped,4
ORD000792,CUST265,PROD484,Books,16,821.82,13149.12,2024-06-14,25.08,0.4,Credit Card,Delivered,2
ORD000793,CUST8731,PROD281,Electronics,17,724.99,12324.83,2023-01-03,8.3,0.27,Bank Transfer,Returned,5
ORD000794,CUST1188,PROD357,Toys,17,1911.88,32501.96,2022-01-11,23.23,0.27,Credit Card,Cancelled,5
ORD000795,CUST1433,PROD76,Food,7,508.37,3558.59,2024-03-24,42.41,0.3,Credit Card,Delivered,1
ORD000796,CUST6573,PROD83,Books,14,304.87,4268.18,2022-05-19,12.84,0.42,Crypto,Pending,
ORD000797,CUST205,PROD90,Books,9,1673.06,15057.54,2023-10-28,18.44,0.03,Net Banking,Processing,
ORD000798,CUST6019,PROD400,Books,14,375.07,5250.98,2024-04-21,15.29,0.3,Credit Card,Delivered,
ORD000799,CUST774,PROD472,Automotive,2,274.18,548.36,2024-06-18,19.51,0.2,Debit Card,Processing,5
ORD000800,CUST2003,PROD82,Apparel,1,1646.59,1646.59,2022-04-05,30.61,0.45,PayPal,Shipped,4
ORD000801,CUST161,PROD328,Beauty,14,1568.71,21961.94,2024-08-13,26.11,0.1,Credit Card,Cancelled,4
ORD000802,CUST4529,PROD349,Furniture,18,227.54,4095.72,2024-03-03,47.88,0.16,Net Banking,Pending,1
ORD000803,CUST4892,PROD125,Beauty,3,1165.87,3497.61,2023-12-24,23.46,0.22,PayPal,Pending,5
ORD000804,CUST3814,PROD483,Furniture,9,1121.37,10092.33,2024-07-28,15.22,0.3,Net Banking,Shipped,2
ORD000805,CUST2404,PROD450,Apparel,1,1243.23,1243.23,2023-11-11,0.91,0.49,Bank Transfer,Returned,3
ORD000806,CUST9485,PROD479,Electronics,1,1234.84,1234.84,2023-11-14,14.68,0.25,Net Banking,Shipped,5
ORD000807,CUST4817,PROD320,Sports,16,718.57,11497.12,2023-11-07,41.6,0.41,Bank Transfer,Delivered,4
ORD000808,CUST3232,PROD169,Apparel,13,938.59,12201.67,2024-01-26,49.78,0.29,Bank Transfer,Shipped,2
ORD000809,CUST1827,PROD485,Electronics,18,896.07,16129.26,2024-07-05,28.63,0.14,Debit Card,Pending,1
ORD000810,CUST7210,PROD13,Home Decor,12,792.94,9515.28,2023-02-05,24.12,0.31,Crypto,Processing,4
ORD000811,CUST7651,PROD248,Beauty,18,723.97,13031.46,2022-09-05,19.31,0.06,PayPal,Cancelled,5
ORD000812,CUST5509,PROD491,Automotive,16,637.85,10205.6,2023-05-19,16.59,0.14,Debit Card,Processing,
ORD000813,CUST6393,PROD455,Furniture,17,522.59,8884.03,2022-08-23,17.5,0.35,Debit Card,Delivered,2
ORD000814,CUST2856,PROD321,Toys,15,1583.14,23747.1,2023-09-05,40.45,0.02,PayPal,Returned,4
ORD000815,CUST5518,PROD348,Books,18,675.63,12161.34,2024-09-28,17.25,0.37,Bank Transfer,Pending,5
ORD000816,CUST7009,PROD204,Beauty,16,1542.41,24678.56,2023-02-20,28.82,0.5,Crypto,Pending,5
ORD000817,CUST7231,PROD23,Sports,19,751.46,14277.74,2024-04-27,7.14,0.27,Crypto,Returned,2
ORD000818,CUST2525,PROD116,Sports,6,750.78,4504.68,2023-11-14,44.01,0.35,Debit Card,Shipped,5
ORD000819,CUST7428,PROD124,Books,19,1739.34,33047.46,2024-06-18,15.36,0.19,PayPal,Pending,3
ORD000820,CUST2516,PROD326,Home Decor,1,706.89,706.89,2022-01-27,22.87,0.03,PayPal,Returned,1
ORD000821,CUST8687,PROD145,Books,20,301.15,6023,2022-05-20,12.57,0.07,PayPal,Pending,
ORD000822,CUST5278,PROD169,Food,12,1933.79,23205.48,2023-12-05,8.22,0.47,Bank Transfer,Returned,
ORD000823,CUST2217,PROD88,Food,7,403.45,2824.15,2022-04-21,46.96,0.23,Credit Card,Shipped,3
ORD000824,CUST3522,PROD495,Beauty,10,1166.44,11664.4,2024-07-28,35.19,0.05,Bank Transfer,Pending,4
ORD000825,CUST3160,PROD122,Food,14,1985.27,27793.78,2024-09-28,46.38,0.4,Net Banking,Delivered,4
ORD000826,CUST7376,PROD181,Electronics,3,856.69,2570.07,2022-03-22,2.03,0.03,Bank Transfer,Processing,3
ORD000827,CUST5820,PROD116,Books,8,1592.72,12741.76,2022-12-08,27.63,0.11,Bank Transfer,Cancelled,3
ORD000828,CUST6471,PROD84,Toys,4,1408.02,5632.08,2022-10-01,29.98,0.19,Crypto,Returned,1
ORD000829,CUST7100,PROD450,Beauty,6,1531.89,9191.34,2022-10-04,48.21,0.46,Crypto,Returned,2
ORD000830,CUST8160,PROD216,Food,20,734.32,14686.4,2022-11-02,35.82,0.09,PayPal,Delivered,3
ORD000831,CUST6482,PROD238,Home Decor,15,66.53,997.95,2022-04-05,31.67,0.38,PayPal,Shipped,4
ORD000832,CUST3707,PROD187,Electronics,5,821.28,4106.4,2022-06-14,13.41,0.25,Crypto,Pending,2
ORD000833,CUST3314,PROD449,Books,16,1836.79,29388.64,2024-07-03,44.79,0.18,COD,Processing,
ORD000834,CUST7297,PROD290,Automotive,11,1618.3,17801.3,2023-10-03,29.57,0.47,Net Banking,Cancelled,1
ORD000835,CUST3446,PROD71,Books,15,193.97,2909.55,2023-11-26,0.05,0.01,Credit Card,Cancelled,3
ORD000836,CUST9709,PROD198,Electronics,5,109.17,545.85,2023-02-17,31.97,0.04,Bank Transfer,Shipped,1
ORD000837,CUST915,PROD290,Beauty,16,779.72,12475.52,2023-01-03,43.02,0.33,COD,Delivered,2
ORD000838,CUST6462,PROD395,Beauty,9,1251.59,11264.31,2022-05-10,4.94,0.24,Credit Card,Cancelled,4
ORD000839,CUST645,PROD7,Toys,16,402.65,6442.4,2024-01-26,9.6,0.37,Debit Card,Processing,3
ORD000840,CUST3934,PROD84,Food,11,11.14,122.54,2022-02-12,27.2,0.05,Crypto,Processing,1
ORD000841,CUST1487,PROD477,Furniture,17,1422.53,24183.01,2023-05-06,2.09,0.27,Net Banking,Delivered,5
ORD000842,CUST3159,PROD299,Toys,8,462.41,3699.28,2023-11-14,19.38,0.05,Net Banking,Delivered,
ORD000843,CUST6057,PROD3,Furniture,2,1230.92,2461.84,2022-11-24,28.9,0.24,Bank Transfer,Cancelled,5
ORD000844,CUST1033,PROD352,Food,12,972.59,11671.08,2022-02-04,12.29,0.18,Bank Transfer,Shipped,
ORD000845,CUST2940,PROD200,Sports,17,1887.5,32087.5,2023-03-16,42.54,0.33,Net Banking,Shipped,1
ORD000846,CUST3918,PROD368,Toys,9,1201.82,10816.38,2024-09-15,4.96,0.08,Crypto,Shipped,1
ORD000847,CUST4974,PROD411,Food,13,1965.58,25552.54,2024-12-17,40.09,0.26,Debit Card,Processing,
ORD000848,CUST1519,PROD89,Beauty,18,1859.21,33465.78,2022-01-23,10.47,0.46,Crypto,Processing,
ORD000849,CUST8490,PROD77,Furniture,20,126.79,2535.8,2022-01-16,41.71,0.1,Crypto,Cancelled,3
ORD000850,CUST4760,PROD10,Furniture,4,356.22,1424.88,2022-04-11,32.78,0.25,PayPal,Pending,4
ORD000851,CUST5884,PROD13,Food,10,1725.9,17259,2024-01-03,37.3,0.21,Credit Card,Processing,4
ORD000852,CUST6840,PROD422,Automotive,5,644.22,3221.1,2024-09-09,25.98,0.45,Bank Transfer,Processing,4
ORD000853,CUST7608,PROD166,Food,17,1010.43,17177.31,2022-05-11,41.07,0.03,Debit Card,Pending,5
ORD000854,CUST983,PROD262,Toys,5,901.31,4506.55,2023-02-24,8.1,0.23,COD,Processing,4
ORD000855,CUST8556,PROD2,Sports,5,1152.58,5762.9,2023-12-01,37.69,0.5,Credit Card,Shipped,
ORD000856,CUST9065,PROD20,Automotive,3,782.97,2348.91,2024-05-18,0.97,0.49,Crypto,Shipped,2
ORD000857,CUST7155,PROD25,Furniture,11,1437.55,15813.05,2024-05-14,12.55,0.24,COD,Shipped,1
ORD000858,CUST9618,PROD398,Sports,7,514.71,3602.97,2024-06-16,4.26,0.04,Credit Card,Delivered,1
ORD000859,CUST7548,PROD474,Sports,2,1907.94,3815.88,2024-05-02,22.6,0.19,Net Banking,Cancelled,5
ORD000860,CUST8131,PROD58,Books,1,917.97,917.97,2022-08-24,13.81,0.45,Net Banking,Shipped,5
ORD000861,CUST4273,PROD294,Home Decor,16,1542.31,24676.96,2022-02-22,44.12,0.05,Debit Card,Cancelled,4
ORD000862,CUST7893,PROD314,Electronics,16,962.34,15397.44,2022-04-09,2.03,0.44,PayPal,Delivered,3
ORD000863,CUST3629,PROD76,Toys,3,699.51,2098.53,2022-02-21,38.11,0.38,Debit Card,Pending,2
ORD000864,CUST5624,PROD399,Sports,19,1512.94,28745.86,2024-04-23,43.85,0.15,COD,Cancelled,5
ORD000865,CUST4456,PROD79,Furniture,17,627.98,10675.66,2022-09-10,30.98,0.15,Credit Card,Delivered,3
ORD000866,CUST791,PROD345,Sports,2,1667.88,3335.76,2023-05-26,9.86,0.06,Credit Card,Cancelled,3
ORD000867,CUST817,PROD403,Sports,5,984.9,4924.5,2023-12-16,0.09,0.36,Debit Card,Pending,5
ORD000868,CUST961,PROD195,Beauty,15,279.14,4187.1,2024-12-19,4.31,0.21,PayPal,Delivered,3
ORD000869,CUST2768,PROD404,Beauty,19,418,7942,2023-04-07,41.36,0.37,Crypto,Returned,5
ORD000870,CUST5831,PROD14,Toys,5,35.98,179.9,2024-01-23,32.13,0.19,Bank Transfer,Processing,4
ORD000871,CUST163,PROD215,Food,19,577.38,10970.22,2022-06-24,45.29,0.07,Net Banking,Returned,5
ORD000872,CUST4848,PROD224,Furniture,9,866.1,7794.9,2022-05-26,34.84,0.49,PayPal,Processing,
ORD000873,CUST216,PROD291,Apparel,3,1467.03,4401.09,2022-01-18,5.41,0.04,Crypto,Returned,2
ORD000874,CUST2400,PROD468,Toys,10,1821.07,18210.7,2023-07-18,32.11,0.01,Credit Card,Delivered,1
ORD000875,CUST1143,PROD352,Home Decor,12,445.25,5343,2023-04-05,15.79,0.34,Net Banking,Shipped,4
ORD000876,CUST7108,PROD171,Beauty,5,1593.25,7966.25,2023-02-05,31.32,0.11,COD,Cancelled,3
ORD000877,CUST3739,PROD365,Home Decor,15,776.96,11654.4,2022-06-02,8.97,0.04,Bank Transfer,Cancelled,2
ORD000878,CUST6596,PROD127,Home Decor,12,1721.13,20653.56,2022-11-03,39.83,0.07,COD,Pending,3
ORD000879,CUST9238,PROD473,Home Decor,2,1446.41,2892.82,2024-02-04,35.23,0.33,COD,Shipped,2
ORD000880,CUST3720,PROD71,Books,11,1272.89,14001.79,2024-01-04,26.25,0.25,Credit Card,Shipped,4
ORD000881,CUST7533,PROD187,Automotive,4,1604.79,6419.16,2022-07-28,30.14,0.03,Bank Transfer,Shipped,3
ORD000882,CUST3259,PROD262,Beauty,4,403.08,1612.32,2024-05-01,21.6,0.14,Net Banking,Returned,
ORD000883,CUST5662,PROD111,Toys,20,255.06,5101.2,2023-02-07,25.66,0.38,PayPal,Delivered,5
ORD000884,CUST1776,PROD274,Books,4,1975.68,7902.72,2024-12-20,25.45,0.04,Net Banking,Pending,4
ORD000885,CUST1502,PROD205,Sports,10,1131.37,11313.7,2024-09-01,16.73,0.3,PayPal,Cancelled,1
ORD000886,CUST5326,PROD38,Apparel,10,1325.36,13253.6,2022-03-01,13.56,0.43,Crypto,Pending,3
ORD000887,CUST5390,PROD67,Home Decor,19,1905.52,36204.88,2024-08-09,19.09,0.03,Net Banking,Delivered,
ORD000888,CUST8880,PROD209,Furniture,12,1478.52,17742.24,2023-10-20,5.47,0.26,PayPal,Processing,5
ORD000889,CUST7566,PROD290,Home Decor,6,725.55,4353.3,2022-09-20,0.01,0.27,Bank Transfer,Cancelled,4
ORD000890,CUST5427,PROD338,Apparel,1,1748.95,1748.95,2023-06-04,37.72,0.41,Bank Transfer,Delivered,3
ORD000891,CUST4286,PROD180,Food,16,1348.82,21581.12,2022-02-18,43.69,0.31,Credit Card,Delivered,3
ORD000892,CUST572,PROD495,Books,13,1227.44,15956.72,2022-08-05,17.23,0.39,Net Banking,Delivered,5
ORD000893,CUST8652,PROD50,Furniture,13,1600.51,20806.63,2022-10-02,14.72,0.06,Bank Transfer,Cancelled,
ORD000894,CUST826,PROD221,Toys,7,66.4,464.8,2023-04-04,37.01,0.03,Crypto,Processing,3
ORD000895,CUST3215,PROD459,Home Decor,3,1200.52,3601.56,2023-05-15,44.3,0.21,Crypto,Cancelled,4
ORD000896,CUST6140,PROD224,Apparel,14,1316.56,18431.84,2023-04-09,2.35,0.3,COD,Pending,5
ORD000897,CUST1412,PROD126,Beauty,9,849.88,7648.92,2024-10-18,9.13,0.37,Debit Card,Pending,
ORD000898,CUST3533,PROD242,Home Decor,16,622.78,9964.48,2023-08-10,4.94,0.38,Crypto,Delivered,
ORD000899,CUST8693,PROD196,Furniture,14,289.3,4050.2,2023-04-20,17.94,0.02,Bank Transfer,Processing,3
ORD000900,CUST5764,PROD116,Books,16,1914.43,30630.88,2024-07-04,41.6,0.2,Credit Card,Returned,5
ORD000901,CUST3176,PROD470,Automotive,13,524.24,6815.12,2023-07-07,1.74,0.29,Debit Card,Delivered,5
ORD000902,CUST3403,PROD203,Home Decor,5,1420.45,7102.25,2022-12-12,16.58,0.2,PayPal,Processing,
ORD000903,CUST4216,PROD123,Home Decor,14,1199.06,16786.84,2024-11-21,47.02,0,COD,Returned,1
ORD000904,CUST5036,PROD331,Home Decor,7,1590.96,11136.72,2024-04-22,28.62,0.27,Net Banking,Cancelled,1
ORD000905,CUST5215,PROD247,Furniture,14,926.57,12971.98,2024-01-17,15.85,0.19,Bank Transfer,Returned,5
ORD000906,CUST8568,PROD204,Beauty,7,1862.24,13035.68,2024-02-01,43.37,0.36,Credit Card,Shipped,2
ORD000907,CUST6402,PROD472,Electronics,9,408.08,3672.72,2024-07-12,37.71,0.47,Crypto,Cancelled,5
ORD000908,CUST4272,PROD298,Apparel,3,369.71,1109.13,2022-12-07,2.74,0.44,PayPal,Shipped,3
ORD000909,CUST7998,PROD36,Apparel,5,1526.11,7630.55,2023-07-04,44.16,0,Net Banking,Pending,5
ORD000910,CUST5735,PROD428,Furniture,15,914.71,13720.65,2022-12-16,45.9,0.14,Debit Card,Returned,
ORD000911,CUST4031,PROD130,Furniture,11,1474.98,16224.78,2023-05-09,24.99,0.09,Net Banking,Pending,4
ORD000912,CUST829,PROD142,Toys,12,1664.05,19968.6,2023-10-09,31.41,0.15,Credit Card,Delivered,3
ORD000913,CUST5110,PROD454,Home Decor,10,823.04,8230.4,2023-10-05,20.2,0.47,Crypto,Shipped,1
ORD000914,CUST9143,PROD270,Home Decor,15,1055.66,15834.9,2024-03-01,17.12,0.28,Credit Card,Delivered,1
ORD000915,CUST1285,PROD191,Toys,11,1381.93,15201.23,2022-03-02,31.55,0.05,Crypto,Delivered,2
ORD000916,CUST250,PROD278,Furniture,8,853.55,6828.4,2023-10-12,38.59,0.34,COD,Delivered,2
ORD000917,CUST7651,PROD12,Furniture,6,621.67,3730.02,2024-08-27,22.42,0.1,PayPal,Pending,
ORD000918,CUST8215,PROD310,Food,15,330.35,4955.25,2023-04-13,27.15,0.48,Bank Transfer,Returned,3
ORD000919,CUST7279,PROD314,Food,5,1509.39,7546.95,2022-06-25,6.83,0.22,Bank Transfer,Shipped,2
ORD000920,CUST877,PROD400,Sports,11,618.12,6799.32,2024-09-13,17.11,0.21,Crypto,Processing,2
ORD000921,CUST6852,PROD243,Electronics,8,331.85,2654.8,2024-11-15,22.21,0.06,Bank Transfer,Pending,5
ORD000922,CUST8186,PROD449,Automotive,16,422.24,6755.84,2024-10-13,44.61,0,Crypto,Processing,3
ORD000923,CUST7645,PROD122,Furniture,5,1155.99,5779.95,2024-05-27,30.55,0.07,Bank Transfer,Returned,4
ORD000924,CUST7310,PROD142,Beauty,4,1599.31,6397.24,2024-10-04,17.82,0.05,Debit Card,Delivered,2
ORD000925,CUST2035,PROD21,Apparel,18,124.68,2244.24,2024-03-10,40.23,0.39,COD,Returned,5
ORD000926,CUST1502,PROD313,Home Decor,19,257.36,4889.84,2022-11-22,11.97,0.19,Crypto,Returned,1
ORD000927,CUST1434,PROD165,Food,20,1869.54,37390.8,2024-10-24,29.05,0.41,Crypto,Returned,
ORD000928,CUST4050,PROD445,Toys,15,1151.68,17275.2,2024-07-09,47.22,0.33,Debit Card,Processing,
ORD000929,CUST1717,PROD409,Books,11,570.71,6277.81,2022-11-19,0.65,0.22,Crypto,Returned,3
ORD000930,CUST2619,PROD201,Toys,6,126.86,761.16,2022-05-14,28.9,0.46,Crypto,Pending,4
ORD000931,CUST6883,PROD494,Automotive,3,1147.93,3443.79,2023-07-20,38.65,0.4,Net Banking,Cancelled,
ORD000932,CUST3597,PROD321,Beauty,11,1672.34,18395.74,2022-08-07,27.19,0.1,Net Banking,Pending,1
ORD000933,CUST7319,PROD55,Automotive,6,220.16,1320.96,2024-05-26,12.32,0.03,COD,Cancelled,5
ORD000934,CUST1363,PROD274,Electronics,9,524.82,4723.38,2022-01-25,43.41,0.07,Net Banking,Delivered,
ORD000935,CUST7094,PROD450,Electronics,12,1428.33,17139.96,2024-11-17,30.37,0.38,Debit Card,Shipped,3
ORD000936,CUST9258,PROD437,Automotive,4,1124.37,4497.48,2023-02-14,20.84,0.39,Crypto,Shipped,2
ORD000937,CUST6563,PROD25,Sports,4,1253.08,5012.32,2024-06-24,22.05,0.21,Credit Card,Cancelled,2
ORD000938,CUST744,PROD74,Books,13,1701.97,22125.61,2023-06-24,44.22,0.43,Bank Transfer,Processing,
ORD000939,CUST3055,PROD366,Electronics,11,1921.89,21140.79,2024-12-27,33.72,0.26,COD,Returned,5
ORD000940,CUST4191,PROD201,Sports,11,1875.42,20629.62,2023-04-11,49.49,0.42,Crypto,Cancelled,
ORD000941,CUST8128,PROD14,Books,10,1619.03,16190.3,2022-01-04,33.57,0.27,COD,Shipped,4
ORD000942,CUST3705,PROD394,Automotive,11,64.21,706.31,2024-09-23,5.39,0.44,Bank Transfer,Returned,
ORD000943,CUST2198,PROD216,Furniture,1,1458.57,1458.57,2024-11-14,24.66,0.46,PayPal,Pending,2
ORD000944,CUST4671,PROD375,Automotive,7,1216.78,8517.46,2022-07-11,31.82,0.2,Crypto,Processing,2
ORD000945,CUST5868,PROD446,Automotive,10,1590.43,15904.3,2024-04-11,0.79,0.13,Net Banking,Processing,
ORD000946,CUST5336,PROD500,Home Decor,6,1780.59,10683.54,2023-12-12,7.79,0.17,Bank Transfer,Pending,4
ORD000947,CUST7224,PROD202,Electronics,6,1176.79,7060.74,2023-03-11,32.26,0.33,Net Banking,Cancelled,1
ORD000948,CUST1857,PROD222,Electronics,18,461.65,8309.7,2023-02-09,2.61,0.36,Bank Transfer,Pending,2
ORD000949,CUST9226,PROD474,Automotive,6,853.38,5120.28,2023-12-21,35.44,0.04,Debit Card,Shipped,2
ORD000950,CUST4777,PROD54,Beauty,16,1899.44,30391.04,2023-11-10,6.71,0.3,PayPal,Cancelled,3
ORD000951,CUST8964,PROD366,Furniture,8,171.82,1374.56,2022-07-19,21.7,0.05,Credit Card,Shipped,1
ORD000952,CUST3396,PROD236,Furniture,3,1972.44,5917.32,2023-04-20,39.85,0.44,PayPal,Pending,1
ORD000953,CUST4960,PROD310,Food,17,503.94,8566.98,2022-04-09,31.88,0.03,Bank Transfer,Cancelled,5
ORD000954,CUST7338,PROD237,Food,9,1537.78,13840.02,2023-11-05,10.23,0.17,COD,Pending,3
ORD000955,CUST8521,PROD83,Books,4,690.95,2763.8,2023-03-09,28,0.03,Bank Transfer,Pending,4
ORD000956,CUST7670,PROD87,Automotive,2,1450.23,2900.46,2022-01-08,35.78,0.21,Debit Card,Processing,1
ORD000957,CUST8884,PROD175,Sports,13,1988.82,25854.66,2023-06-22,10.43,0.14,Bank Transfer,Processing,1
ORD000958,CUST4376,PROD243,Automotive,3,85.46,256.38,2024-02-23,3.36,0.2,Net Banking,Cancelled,1
ORD000959,CUST4565,PROD211,Furniture,13,256.47,3334.11,2023-11-02,7.71,0.15,COD,Shipped,2
ORD000960,CUST3897,PROD82,Home Decor,15,1648.67,24730.05,2023-03-16,39,0.26,Bank Transfer,Returned,2
ORD000961,CUST371,PROD303,Apparel,16,1622.38,25958.08,2022-04-11,9.96,0.29,Credit Card,Returned,2
ORD000962,CUST2045,PROD471,Apparel,5,748.29,3741.45,2022-02-09,39.01,0.03,PayPal,Cancelled,1
ORD000963,CUST1720,PROD443,Automotive,5,673.11,3365.55,2023-08-10,47.8,0.15,COD,Returned,
ORD000964,CUST2927,PROD146,Apparel,2,1186.99,2373.98,2023-12-12,35.33,0.08,PayPal,Returned,3
ORD000965,CUST6893,PROD391,Furniture,4,1839.23,7356.92,2024-09-06,40.34,0.1,Credit Card,Pending,5
ORD000966,CUST4175,PROD258,Home Decor,5,1688.11,8440.55,2022-02-05,39.24,0.22,Debit Card,Returned,4
ORD000967,CUST3672,PROD58,Food,4,1186.82,4747.28,2023-05-03,36.62,0.33,Bank Transfer,Cancelled,4
ORD000968,CUST4762,PROD478,Apparel,13,1080.45,14045.85,2024-10-23,34.72,0.45,Net Banking,Pending,1
ORD000969,CUST205,PROD189,Sports,20,1826.27,36525.4,2023-09-06,0.46,0.34,Credit Card,Pending,
ORD000970,CUST8874,PROD177,Home Decor,4,226.68,906.72,2024-08-14,23.1,0.14,Bank Transfer,Shipped,5
ORD000971,CUST8542,PROD74,Apparel,10,1237.54,12375.4,2022-06-09,20.02,0.42,Crypto,Shipped,
ORD000972,CUST7116,PROD322,Furniture,3,390.14,1170.42,2023-06-06,39.12,0.46,Crypto,Cancelled,1
ORD000973,CUST915,PROD184,Toys,19,648.91,12329.29,2023-04-04,38.37,0.46,PayPal,Pending,
ORD000974,CUST2095,PROD393,Automotive,19,1112.1,21129.9,2023-07-13,21.97,0.32,Credit Card,Delivered,5
ORD000975,CUST6402,PROD243,Apparel,4,292.9,1171.6,2023-08-24,36.5,0.29,Bank Transfer,Shipped,3
ORD000976,CUST4564,PROD323,Books,7,1755.26,12286.82,2022-11-03,8.73,0.37,PayPal,Returned,5
ORD000977,CUST2037,PROD266,Beauty,10,170.61,1706.1,2024-04-06,43.07,0.35,PayPal,Returned,2
ORD000978,CUST9351,PROD386,Sports,13,70.19,912.47,2023-04-19,3.71,0.14,Crypto,Returned,2
ORD000979,CUST5980,PROD28,Sports,6,712.13,4272.78,2023-05-02,23.22,0.16,Crypto,Processing,5
ORD000980,CUST3861,PROD101,Food,17,1761.19,29940.23,2022-01-23,16.21,0.08,Credit Card,Delivered,2
ORD000981,CUST9056,PROD450,Food,15,1142.37,17135.55,2023-08-10,41.87,0.21,PayPal,Delivered,1
ORD000982,CUST4723,PROD491,Electronics,9,1293.13,11638.17,2024-10-10,19.32,0.46,COD,Pending,1
ORD000983,CUST3730,PROD132,Food,11,826.1,9087.1,2024-11-27,5.88,0.01,Debit Card,Returned,
ORD000984,CUST4034,PROD91,Sports,6,680.09,4080.54,2023-03-22,34.36,0.07,COD,Pending,4
ORD000985,CUST1161,PROD371,Sports,13,210.66,2738.58,2022-10-10,9.1,0.33,Crypto,Delivered,3
ORD000986,CUST8589,PROD299,Home Decor,9,1452.58,13073.22,2022-01-15,45.52,0.36,Bank Transfer,Processing,1
ORD000987,CUST5138,PROD167,Books,6,1568.04,9408.24,2023-02-14,36.37,0.18,PayPal,Processing,3
ORD000988,CUST5462,PROD152,Home Decor,6,550.29,3301.74,2024-12-28,36.99,0.21,Crypto,Returned,
ORD000989,CUST3927,PROD195,Furniture,3,1848.7,5546.1,2024-08-25,15.58,0.18,Net Banking,Cancelled,2
ORD000990,CUST6214,PROD325,Furniture,7,1471.96,10303.72,2022-01-15,47.69,0.03,Net Banking,Cancelled,4
ORD000991,CUST7968,PROD22,Food,17,346.45,5889.65,2024-12-14,20.64,0.29,Debit Card,Pending,
ORD000992,CUST4799,PROD150,Sports,12,1826.32,21915.84,2022-05-05,13.36,0.18,PayPal,Processing,
ORD000993,CUST9636,PROD283,Toys,15,772.45,11586.75,2024-08-15,32.68,0.5,Crypto,Cancelled,2
ORD000994,CUST2907,PROD221,Apparel,3,401.96,1205.88,2022-11-28,41.22,0.17,COD,Processing,2
ORD000995,CUST2349,PROD18,Books,11,410.56,4516.16,2023-12-14,46.86,0.23,Credit Card,Returned,2
ORD000996,CUST353,PROD350,Books,17,1920.82,32653.94,2024-05-16,20.79,0.49,PayPal,Returned,
ORD000997,CUST9162,PROD211,Automotive,14,564.65,7905.1,2023-08-11,36.96,0.37,Bank Transfer,Cancelled,4
ORD000998,CUST8371,PROD138,Sports,10,1430.89,14308.9,2024-05-03,4.39,0.35,PayPal,Pending,5
ORD000999,CUST5472,PROD193,Toys,15,434.3,6514.5,2022-02-03,46.35,0.37,Bank Transfer,Cancelled,3
ORD001000,CUST6112,PROD373,Sports,2,1021.66,2043.32,2022-12-14,0.46,0.31,Debit Card,Returned,
,,,,,,,,,,,,